Processo,Encaminhamento prévio,1º Encaminhamento,1º Encaminhamento,1º Encaminhamento,1º Encaminhamento,2º Encaminhamento,2º Encaminhamento,2º Encaminhamento,2º Encaminhamento,3º Encaminhamento,3º Encaminhamento,3º Encaminhamento,3º Encaminhamento,Período de elaboração da Análise,Envio para a Delog,Envio ao Gabinete da Seges,Validação pelo gabinete da Seges,Assinaturas,Manifestação da Seges,Projeto de Lei,Ementa,Data Última Tramitação,Órgão Última Tramitação,Situação Última Tramitação,Data Parecer Aprovado,Órgão Parecer,Despacho Parecer,Link Inteiro Teor Parecer,Link Inteiro Teor do PL,Link Ficha de Tramitação
18001.102696/2023-68,xxx,Assessoria Especial de Assuntos Parlamentares e Federativos,OFÍCIO SEI Nº 153985/2023/MGI (SEI 39219578),12/20/2023,1/12/2024,Assessoria Estratégica SEGES ,Despacho MGI -SEGES-ASSEST (SEI 39252679),12/21/2023,1/10/2024,Gabinete da Delog ,Despacho MGI-SEGES-DELOG (SEI 39254503),12/21/2023,1/8/2024,11,1/10/2024,1/10/2024,8.0,1/19/2024,contrária ao PL,PL 4603/2023,"Altera a Lei nº 11.578, de 26 de novembro de 2007, para prever a obrigatoriedade de conteúdo nacional mínimo de bens e serviços nacionais nas contratações relacionadas a ações do Novo Programa de Aceleração do Crescimento - Novo PAC e de processo licitatório destinado exclusivamente a empresas brasileiras de capital nos empreendimentos vinculados ao Novo PAC.",2025-03-26T00:00,CDE,Aguardando Parecer,2023-12-05T12:33,CDE,"Parecer do Relator, Dep. André Figueiredo (PDT-CE), pela aprovação, com emenda.",,https://www.camara.leg.br/proposicoesWeb/prop_mostrarintegra?codteor=2331533,https://dadosabertos.camara.leg.br/api/v2/proposicoes/2389587
18001.000215/2024-61,xxx,Assessoria Especial de Assuntos Parlamentares e Federativos,OFÍCIO SEI Nº 9434/2024/MGI (SEI 39790971),1/30/2024,XXX,Assessoria Estratégica SEGES ,Despacho MGI -SEGES-ASSEST (SEI 39884772),1/31/2024,2/15/2024,Gabinete da Delog ,Despacho MGI-SEGES-DELOG (SEI 39899262),2/1/2024,2/13/2024,7,2/6/2024,XXX,9.0,2/20/2024,"Em conclusão, esta unidade técnica, dentro de seu espectro de atuação (indicado no item 2 desta Nota Técnica), informa que a análise do Projeto de Lei nº 510, de 2021, que trata da ampliação do alcance da regularização fundiária de imóveis da União, restou prejudicada por refugir do espectro de competências desta Seges, enquanto órgão central do Sistema de Serviços Gerais (Sisg), devendo os autos serem encaminhados a Secretaria do Patrimônio da União órgão responsável pelas ações e projetos voltados à destinação e à regularização fundiária de imóveis da União, para manifestação.",,,,,,,,,,,
18001.000214/2024-17,xxx,Assessoria Especial de Assuntos Parlamentares e Federativos,OFÍCIO SEI Nº 9377/2024/MGI (SEI 39789102),1/30/2024,XXX,Assessoria Estratégica SEGES ,Despacho MGI -SEGES-ASSEST (SEI 39875757),1/30/2024,2/15/2024,Gabinete da Delog ,Despacho MGI-SEGES-DELOG (SEI 39876358),1/30/2024,2/13/2024,9,2/5/2024,XXX,10.0,2/20/2024,"Em conclusão, esta unidade técnica, dentro de seu espectro de atuação (indicado no item 2 desta Nota Técnica), informa que a análise do Projeto de Lei nº 2633, de 2020, que trata da ampliação e aperfeiçoamento da regularização fundiária de imóveis da União, restou prejudicada por refugir da abrangência de competências desta Seges, enquanto órgão central do Sistema de Serviços Gerais (Sisg), devendo os autos serem encaminhados à Secretaria do Patrimônio da União, órgão responsável pelas ações e projetos voltados à destinação e à regularização fundiária de imóveis e alienação de imóveis pertencentes a União, para manifestação. ",PL 2633/2020,"Altera a Lei n° 11.952, de 25 de junho de 2009, que dispõe sobre a regularização fundiária das ocupações incidentes em terras situadas em áreas da União; a Lei n° 8.666, de 21 de junho de 1993, que institui normas para licitações e contratos da administração pública; a Lei nº 6.015, de 31 de dezembro de 1973, que dispõe sobre os registros públicos; a fim de ampliar o alcance da regularização fundiária e dar outras providências.  NOVA EMENTA: Altera as Leis nºs 11.952, de 25 de junho de 2009, 14.133, de 1º de abril de 2021 (Lei de Licitações e Contratos Administrativos), e 6.015, de 31 de dezembro de 1973, a fim de ampliar o alcance da regularização fundiária; e dá outras providências.",2021-10-14T12:25,MESA,Aguardando Apreciação pelo Senado Federal,2021-07-13T17:31,PLEN,"Apresentação do Parecer Preliminar de Plenário n. 1 PLEN, pelo Deputado Bosco Saraiva  (SOLIDARI/AM).",,https://www.camara.leg.br/proposicoesWeb/prop_mostrarintegra?codteor=1893531,https://dadosabertos.camara.leg.br/api/v2/proposicoes/2252589
18001.102523/2023-40,xxx,Assessoria Especial de Assuntos Parlamentares e Federativos,OFÍCIO SEI Nº 142672/2023/MGI (SEI 38762676),1/31/2024,XXX,Assessoria Estratégica SEGES ,Despacho MGI -SEGES-ASSEST (SEI 40792817),3/15/2024,3/29/2024,Gabinete da Delog ,Despacho MGI-SEGES-DELOG (SEI 40803319 ),3/15/2024,3/27/2024,9,3/27/2024,3/28/2024,12.0,4/15/2024,"Diante do exposto, considerando-se as competências regimentais da Delog e DTGES conquanto o mérito de relevo da proposição, opina-se pelo prosseguimento da proposição apresentada por meio do Novo Substitutivo (SEI-MGI 41390673) apresentado pela Comissão de Cultura da Câmara ao Projeto de Lei nº 2.789, de 2021, desde que observados os apontamentos constantes dos itens 8 a 14 desta Nota Técnica.",PL 2789/2021,"Moderniza a Lei nº 8.159, de 8 de janeiro de 1991, e cria nova hipótese de improbidade administrativa.",2024-08-13T11:30,CCULT,Pronta para Pauta,2021-12-09T14:19,CTRAB,"Apresentação do Parecer do Relator n. 1 CTASP, pela Deputada Fernanda Melchionna  (PSOL/RS).",,https://www.camara.leg.br/proposicoesWeb/prop_mostrarintegra?codteor=2055130,https://dadosabertos.camara.leg.br/api/v2/proposicoes/2293801
18001.102523/2023-40,xxx,Assessoria Especial de Assuntos Parlamentares e Federativos,OFÍCIO SEI Nº 142672/2023/MGI (SEI 38762676),1/31/2024,XXX,Assessoria Estratégica SEGES ,Despacho MGI -SEGES-ASSEST (SEI 40792817),3/15/2024,3/29/2024,Gabinete da Delog ,Despacho MGI-SEGES-DELOG (SEI 40803319 ),3/15/2024,3/27/2024,9,3/27/2024,3/28/2024,12.0,4/15/2024,"Diante do exposto, considerando-se as competências regimentais da Delog e DTGES conquanto o mérito de relevo da proposição, opina-se pelo prosseguimento da proposição apresentada por meio do Novo Substitutivo (SEI-MGI 41390673) apresentado pela Comissão de Cultura da Câmara ao Projeto de Lei nº 2.789, de 2021, desde que observados os apontamentos constantes dos itens 8 a 14 desta Nota Técnica.",PL 2789/2021,"Moderniza a Lei nº 8.159, de 8 de janeiro de 1991, e cria nova hipótese de improbidade administrativa.",2024-08-13T11:30,CCULT,Pronta para Pauta,2021-12-09T14:19,CTRAB,"Apresentação do Parecer do Relator n. 1 CTASP, pela Deputada Fernanda Melchionna  (PSOL/RS).",,https://www.camara.leg.br/proposicoesWeb/prop_mostrarintegra?codteor=2055130,https://dadosabertos.camara.leg.br/api/v2/proposicoes/2293801
18001.000372/2024-77,xxx,Assessoria Especial de Assuntos Parlamentares e Federativos (Urgente),Despacho MGI-GM- ASPAR (SEI 40201222),2/19/2024,xxx,Assessoria Estratégica SEGES (Urgente),Despacho MGI -SEGES-ASSEST (SEI 40206232),2/19/2024,2/19/2024,xxx,xxx,xxx,xxx,1,2/19/2024,2/19/2024,1.0,2/19/2024,,,,,,,,,,,,
18001.000370/2024-88,xxx,Assessoria Especial de Assuntos Parlamentares e Federativos,OFÍCIO SEI Nº 19422/2024/MGI (SEI 40196810),2/19/2024,xxx,Assessoria Estratégica SEGES ,Despacho MGI -SEGES-ASSEST (SEI 40220317),2/20/2024,3/1/2024,Gabinete da Delog ,Despacho MGI-SEGES-DELOG (SEI 40239690),2/20/2024,2/28/2024,7,3/7/2024,3/12/2024,5.0,3/18/2024,Não tem Nota técnica ,PL 4/2024,"Cria cargos efetivos, cargos em comissão e funções comissionadas no Quadro de Pessoal do Tribunal Superior Eleitoral e dos Tribunais Regionais Eleitorais.",2025-08-25T09:42,CCJC,Pronta para Pauta,2025-03-31T16:17,CASP,"Parecer do Relator, Dep. Bruno Farias (AVANTE-MG), pela aprovação.",,https://www.camara.leg.br/proposicoesWeb/prop_mostrarintegra?codteor=2383319,https://dadosabertos.camara.leg.br/api/v2/proposicoes/2416830
18001.000370/2024-88,xxx,Assessoria Especial de Assuntos Parlamentares e Federativos,OFÍCIO SEI Nº 19422/2024/MGI (SEI 40196810),2/19/2024,xxx,Assessoria Estratégica SEGES ,Despacho MGI -SEGES-ASSEST (SEI 40220317),2/20/2024,3/1/2024,Gabinete da Delog ,Despacho MGI-SEGES-DELOG (SEI 40239690),2/20/2024,2/28/2024,7,3/7/2024,3/12/2024,5.0,3/18/2024,Não tem Nota técnica ,PL 4/2024,"Cria cargos efetivos, cargos em comissão e funções comissionadas no Quadro de Pessoal do Tribunal Superior Eleitoral e dos Tribunais Regionais Eleitorais.",2025-08-25T09:42,CCJC,Pronta para Pauta,2025-03-31T16:17,CASP,"Parecer do Relator, Dep. Bruno Farias (AVANTE-MG), pela aprovação.",,https://www.camara.leg.br/proposicoesWeb/prop_mostrarintegra?codteor=2383319,https://dadosabertos.camara.leg.br/api/v2/proposicoes/2416830
18001.000511/2024 - 62 ,xxx,Assessoria Especial de Assuntos Parlamentares e Federativos,OFÍCIO SEI Nº 26151/2024/MGI (SEI 40496048),3/4/2024,xxx,Assessoria Estratégica SEGES ,Despacho MGI -SEGES-ASSEST (SEI 40586476),3/7/2024,3/22/2024,Gabinete da Delog ,Despacho MGI-SEGES-DELOG (SEI 40586898),3/7/2024,3/20/2024,10,3/20/2024,xxx,15.0,4/9/2023,contrária ao PL,,,,,,,,,,,
18001.000591//2024-56,xxx,Assessoria Especial de Assuntos Parlamentares e Federativos (Urgente),OFÍCIO SEI Nº 30025/2024/MGI (SEI 40675843),3/12/2024,3/12/2024,xxx,xxx,xxx,xxx,Gabinete da Delog (Urgente),Despacho MGI-SEGES-DELOG (SEI 41143158),3/12/2024,3/12/2024,1,3/12/2024,3/12/2024,2.0,3/13/2024,"Diante disso, em que pese a boa intenção do autor da proposta, entende-se que, por ora, a SEGES deve se posicionar contrariamente à aprovação do Projeto de Lei nº 4363/21. Não obstante, recomenda-se a realização de Audiências Públicas com atores favoráveis e contrários à proposição com vistas a aprimorá-lo, adicionando-se, sobretudo, a exigência de adoção de ações para a prevenção de impactos negativos e de reparação, nos casos em que os impactos venham a ocorrer, para que venham a se tornarem aptas aos benefícios cogitados.

Adicionalmente, recomenda-se que o Governo colha as manifestações do MDIC, da CGU e do MDHC, pelo menos.

À apreciação do Sr. Secretário de Gestão e inovação.

 

 ",,,,,,,,,,,
18001.000372/2024-77,xxx,Assessoria Especial de Assuntos Parlamentares e Federativos,Despacho MGI-GM- ASPAR (SEI 40735879),3/13/2024,xxx,Assessoria Estratégica SEGES ,Despacho MGI -SEGES-ASSEST (SEI 40792369),3/15/2024,3/20/2024,Gabinete da Delog ,Despacho MGI-SEGES-DELOG (SEI 40795292),3/15/2024,3/18/2024,3,3/17/2024,XXX,3.0,3/20/2024,"Diante de todo o exposto, considerando que as situações apontadas pelo MAPA para a edição da lei estão relacionadas a situações de iminente risco à saúde animal, vegetal e de emergência fitossanitária ou zoossanitária, conforme explicitada na exposição de Motivos (SEI nº 40735658), sugere-se que o MAPA realize gestões perante a Secretaria de Orçamento Federal do Ministério do Planejamento e Orçamento (SOF/MPO), com vistas a apresentar estimativa de gastos e verificar a disponibilidade orçamentária para fazer face às despesas constantes desse projeto de lei. No tocante aos aspectos técnicos e normativos à presente proposta de Projeto de Lei no âmbito da competência desta SRT, conclui-se não haver óbices.

Nesses termos, sugere-se a remessa dos autos à Secretaria-Executiva (SE/MGI), para ciência da manifestação apresentada nesta Nota Técnica.",,,,,,,,,,,
18001.000608/2024-75,xxx,Assessoria Especial de Assuntos Parlamentares e Federativos,OFÍCIO SEI Nº 30856/2024/MGI (sei 40711132),3/14/2024,xxx,Assessoria Estratégica - seges,Despacho MGI -SEGES-ASSEST (SEI 40768879),3/15/2024,3/29/2024,Gabinete da Delog ,Despacho MGI-SEGES-DELOG (SEI 40799663),3/15/2024,3/27/2024,12,3/26/2024,3/29/2024,8.0,4/9/2024,contrária ao PL,,,,,,,,,,,
18001.000669/2024-32,xxx,Assessoria Especial de Assuntos Parlamentares e Federativos,OFÍCIO SEI Nº 34153/2024/MGI (SEI 41855639),3/19/2024,xxx,Assessoria Estratégica SEGES ,Despacho MGI -SEGES-ASSEST (SEI41777846),5/2/2024,5/9/2024,Gabinete da Delog ,Despacho MGI-SEGES-DELOG (SEI 41782599),5/2/2024,5/7/2024,4,5/8/2024,5/14/2024,2.0,5/15/2024,contrária ao PL,PL 4423/2016,"Acresce o Art. nº 15-A à Lei 8.666 de 1993 que regulamenta o art. 37, inciso XXI, da Constituição Federal, institui normas para licitações e contratos da Administração Pública e dá outras providências.",2024-03-21T00:00,CCP,Aguardando Designação de Relator(a),2016-07-07T15:40,CTRAB,"Apresentação do Parecer do Relator n. 1 CTASP, pela Deputada Erika Kokay (PT-DF).",,https://www.camara.leg.br/proposicoesWeb/prop_mostrarintegra?codteor=1434270,https://dadosabertos.camara.leg.br/api/v2/proposicoes/2077448
14022.025692/2024-31,xxx,Assessoria de Assuntos Técnicos Finalísticos ,Despacho MGI-GM- ASTEC (SEI 41122258),4/2/2024,xxx,Chefia de gabinete SEGES ,Despacho MGI -SEGES (SEI 4113502),4/2/2024,5/2/2024,Gabinete da Delog ,Despacho MGI-SEGES-DELOG (SEI 41143158),4/3/2024,4/30/2024,20,4/30/2024,XXX,5.0,5/7/2024,"contrária ao PL                                                                Nesse sentido, observadas as atribuições regimentais desta Secretaria de Gestão e Inovação, manifesta-se contrariamente à proposta de atualização da Lei nº 14.133, de 2021, de autoria do Senhor Ericsson M. Scorsim, Fundador e Diretor-Presidente da Associação Civil Monitor Ambiental Antirruídos.

Assim, sugere-se o envio dos presentes autos à Assessoria de Assuntos Técnicos e Finalísticos do Gabinete da Ministra, para retorno ao interessado.",,,,,,,,,,,
18001.102638/2023-34,xxx,Assessoria de Assuntos Técnicos Finalísticos ,Despacho MGI-GM- ASTEC (SEI 41107259),4/2/2024,xxx,Assessoria Estratégica SEGES ,Despacho MGI -SEGES-ASSEST (SEI 41155365),4/3/2024,xxx,Gabinete da Delog ,Despacho MGI-SEGES-DELOG (SEI 41157592),4/3/2024,xxx,xxx,4/4/2024,4/4/2024,1.0,4/4/2024,"Diante do exposto, esta unidade técnica, conquanto o mérito de relevo da proposição, manifesta-se favoravelmente ao Anteprojeto de Lei na forma apresentada (SEI 41105902). 

 

8. Assim, sugere-se o envio da presente Nota Técnica à apreciação do Secretário de Gestão e Inovação para que, caso concorde pela pertinência, a encaminhe à CONJUR/MGI e à Secretaria Executiva/MGI, para providências pertinentes, considerando que o mérito temático dos demais dispositivos do PL já está em análise pela SEST/MGI.",PL 3226/2023,"Acrescenta alínea ao inciso IV do art. 75 da Lei nº 14.133, de 1º de abril de 2021, lei de licitações e contratos administrativos, e dá outras providências.",2024-09-18T17:22,CFT,Aguardando Parecer,2023-09-19T10:45,CREDN,"Parecer do Relator, Dep. Alfredo Gaspar (UNIÃO-AL), pela aprovação.",,https://www.camara.leg.br/proposicoesWeb/prop_mostrarintegra?codteor=2292493,https://dadosabertos.camara.leg.br/api/v2/proposicoes/2371110
18001.102523/2023-40,xxx,Assessoria Especial de Assuntos Parlamentares e Federativos,Despacho MGI-GM- ASPAR (SEI 41434713),4/16/2024,XXX,Assessoria Estratégica SEGES ,Despacho MGI -SEGES-ASSEST (SE4151264) prorrogado Despacho MGI -SEGES-ASSEST (SEI 41790369),18/04/2024 02/05/2024,25/04/204 09/05/2024,Gabinete da Delog ,Despacho MGI-SEGES-DELOG (SEI 41791463 ),5/2/2024,5/7/2024,14,5/15/2024,xxx,7.0,5/23/2024,"                                                                                                                     contrária ao PL                                                                                                          Diante do exposto, considerando as competências regimentais da Delog e DTGES conquanto o mérito de relevo da proposição, mantém-se o posicionamento desfavorável à proposição apresentada por meio do Novo Substitutivo (SEI-MGI 39899934) apresentado pela Comissão de Trabalho, de Administração e Serviço Público ao Projeto de Lei nº 2.789, de 2021, conforme as razões explicitadas nesta Nota Técnica.",PL 2789/2021,"Moderniza a Lei nº 8.159, de 8 de janeiro de 1991, e cria nova hipótese de improbidade administrativa.",2024-08-13T11:30,CCULT,Pronta para Pauta,2021-12-09T14:19,CTRAB,"Apresentação do Parecer do Relator n. 1 CTASP, pela Deputada Fernanda Melchionna  (PSOL/RS).",,https://www.camara.leg.br/proposicoesWeb/prop_mostrarintegra?codteor=2055130,https://dadosabertos.camara.leg.br/api/v2/proposicoes/2293801
18001.102523/2023-40,xxx,Assessoria Especial de Assuntos Parlamentares e Federativos,Despacho MGI-GM- ASPAR (SEI 41434713),4/16/2024,XXX,Assessoria Estratégica SEGES ,Despacho MGI -SEGES-ASSEST (SE4151264) prorrogado Despacho MGI -SEGES-ASSEST (SEI 41790369),18/04/2024 02/05/2024,25/04/204 09/05/2024,Gabinete da Delog ,Despacho MGI-SEGES-DELOG (SEI 41791463 ),5/2/2024,5/7/2024,14,5/15/2024,xxx,7.0,5/23/2024,"                                                                                                                     contrária ao PL                                                                                                          Diante do exposto, considerando as competências regimentais da Delog e DTGES conquanto o mérito de relevo da proposição, mantém-se o posicionamento desfavorável à proposição apresentada por meio do Novo Substitutivo (SEI-MGI 39899934) apresentado pela Comissão de Trabalho, de Administração e Serviço Público ao Projeto de Lei nº 2.789, de 2021, conforme as razões explicitadas nesta Nota Técnica.",PL 2789/2021,"Moderniza a Lei nº 8.159, de 8 de janeiro de 1991, e cria nova hipótese de improbidade administrativa.",2024-08-13T11:30,CCULT,Pronta para Pauta,2021-12-09T14:19,CTRAB,"Apresentação do Parecer do Relator n. 1 CTASP, pela Deputada Fernanda Melchionna  (PSOL/RS).",,https://www.camara.leg.br/proposicoesWeb/prop_mostrarintegra?codteor=2055130,https://dadosabertos.camara.leg.br/api/v2/proposicoes/2293801
18001.000977/2024-68,xxx,Assessoria Especial de Assuntos Parlamentares e Federativos,OFÍCIO Nº 51631/2024/MGI (SEI 41566128),4/22/2024,4/29/2024,Assessoria Estratégica - seges,Despacho MGI -SEGES-ASSEST (SEI 41591993),4/23/2024,4/26/2024,Gabinete da Delog ,Despacho MGI-SEGES-DELOG (SEI 41679552),4/26/2024,,5,22/052024,5/23/2024,1.0,5/23/2024,"                             contrária ao PL                                                                        A alteração proposta pelo substitutivo do Projeto de Lei nº 4521/2019, de autoria da Deputada Leandre, que ""Dispõe sobre a obrigatoriedade de as empresas que desejam contratar com o poder público comprovarem, na fase de habilitação da licitação, serem doadoras ao Fundo dos Direitos da Criança e do Adolescente"", não deve prosperar, tendo em vista o arrazoado nos itens 13 a 16 desta Nota.",PL 4521/2019,"Dispõe sobre a obrigatoriedade de as empresas que desejam contratar com o poder público comprovarem, na fase de habilitação da licitação, serem doadoras ao Fundo dos Direitos da Criança e do Adolescente.",2024-04-26T00:00,CCP,Aguardando Designação de Relator(a),2021-03-24T10:18,CSAUDE,"Apresentação do Parecer do Relator n. 1 CSSF, pela Deputada Carmen Zanotto (CIDADANIA/SC).",,https://www.camara.leg.br/proposicoesWeb/prop_mostrarintegra?codteor=1790458,https://dadosabertos.camara.leg.br/api/v2/proposicoes/2215627
18001.000978/2024-11,xxx,Assessoria Especial de Assuntos Parlamentares e Federativos,OFÍCIO SEI Nº 51696/2024/MGI,4/22/2024,4/29/2024,Assessoria Estratégica SEGES ,Despacho MGI -SEGES-ASSEST (SEI41591690),4/23/2024,4/29/2024,Gabinete da Delog ,Despacho MGI-SEGES-DELOG (SEI 41679552),4/26/2024,02/05/2024 (Dilação de prazo).,5,5/20/2024,5/23/2024,1.0,5/23/2024,"Nesse sentido, observadas as atribuições regimentais desta Secretaria de Gestão e Inovação, manifesta-se de forma favorável, com ressalvas ao prosseguimento do Projeto de Lei nº 1405/2023 (SEI 41567355), de autoria do Deputado Afonso Motta (PDT/RS) que ""Altera o artigo 60 da 14.133/21 – Lei de Licitações e Contratos Administrativos"", considerando as recomendações de supressão, ajuste e acréscimo apontadas na presente Nota Técnica.

Assim, sugere-se o envio dos presentes autos à Assessoria Especial de Assuntos Parlamentares e Federativos (Aspar).",PL 1405/2023,Altera o artigo 60 da 14.133/21 – Lei de Licitações e Contratos Administrativos.,2024-05-20T13:13,CFT,Aguardando Designação de Relator(a),2023-11-07T12:40,CIDOSO,"Parecer do Relator, Dep. Aliel Machado (PV-PR), pela aprovação.",,https://www.camara.leg.br/proposicoesWeb/prop_mostrarintegra?codteor=2249837,https://dadosabertos.camara.leg.br/api/v2/proposicoes/2353500
18001.000526/2024-21,xxx,Assessoria Especial de Assuntos Parlamentares e Federativos,OFÍCIO SEI Nº 26578/2024/MGI (SEI 40519492),4/23/2024,xxx,Assessoria Estratégica SEGES ,Despacho MGI -SEGES-ASSEST (SEI 41598843),4/23/2024,5/3/2024,Gabinete da Delog ,Despacho MGI-SEGES-DELOG (SEI 41604276),4/23/2024,5/2/2024,7,5/6/2024,XXX,11.0,5/27/2024,"Diante do exposto, esta unidade técnica, conquanto ao mérito de relevo da proposição, consigna pelo seguimento do presente Projeto de Lei, conforme descrito nos itens 8 a 11 desta Nota Técnica.

Ao cabo, sugere-se, o envio da presente Nota Técnica à apreciação do Senhor Secretário de Gestão e Inovação para, caso concorde pela pertinência, encaminhar à Assessoria Especial para Assuntos Parlamentares desta Pasta, em atenção ao Ofício nº 26578/2024/MGI (SEI 40519492).",PL 215/2024,"Altera o § 1º do art. 54 da Lei nº 14.133, de 1º de abril de 2021 (Lei de Licitações e Contratos Administrativos), para retirar a obrigatoriedade da divulgação do extrato do edital de licitação em jornal diário de grande circulação.",2024-05-27T00:00,CFT,Retirado pelo(a) Autor(a),,,,,https://www.camara.leg.br/proposicoesWeb/prop_mostrarintegra?codteor=2386288,https://dadosabertos.camara.leg.br/api/v2/proposicoes/2417649
18001.001290/2024-40,xxx,Assessoria Especial de Assuntos Parlamentares e Federativos,OFÍCIO SEI Nº 66786/2024/MGI (SEI 42189552),5/28/2024,6/6/2024,Assessoria Estratégica SEGES ,Despacho MGI -SEGES-ASSEST (SEI 42459304),6/3/2024,6/5/2024,Gabinete da Delog ,Despacho MGI-SEGES-DELOG (SEI 42464239),6/3/2023,6/5/2024,2,6/5/2024,13/062024,2.0,6/14/2024,contrária ao PL,PL 120/2022,"Altera a Lei n° 14.133, de 1º de abril de 2021, para estabelecer a obrigatoriedade de os órgãos e entidades públicas exigirem que percentual mínimo da mão de obra responsável pela execução do objeto de contratos administrativos seja constituído por pessoas nas situações especificadas.",2024-10-29T20:27,CMULHER,Aguardando Parecer,2024-04-30T12:30,CPD,"Parecer do Relator, Dep. Sargento Portugal (PODE-RJ), pela aprovação deste e do PL 371/2023, apensado, com substitutivo, e pela rejeição do PL 1807/2023, apensado.",,https://www.camara.leg.br/proposicoesWeb/prop_mostrarintegra?codteor=2131342,https://dadosabertos.camara.leg.br/api/v2/proposicoes/2313978
18001.001252/2024-97,xxx,Assessoria Especial de Assuntos Parlamentares e Federativos,OFÍCIO SEI Nº 64604/2024/MGI (SEI 42097028),5/16/2024,5/20/2024,Assessoria Estratégica SEGES ,Despacho MGI -SEGES-ASSEST (SEI 42116547),5/16/2024,5/20/2024,Gabinete da Delog ,Despacho MGI-SEGES-DELOG (SEI 43752210),5/16/2024,5/17/2024,2,5/20/2024,5/21/2024,2.0,5/22/2024,"A decisão apresentada é favorávelao Projeto de Lei nº 2133/2023, de autoria do Deputado Daniel Soranz (PSD/RJ).  

Embora o texto tenha mencionado limitaçõese esforço organizacional semelhante a uma proposta mais ampla, isso não foi apresentado como um impeditivo. Pelo contrário, ao sugerir ajustes, acréscimos e supressões ao texto original, a unidade técnica reconheceu a oportunidade e a viabilidade do projeto, desde que com as alterações recomendadas.

A conclusão final indica que o projeto ""deve prosperar, com os ajustes sugeridos acima"", ou seja, a decisão apoia o projeto com modificações.",PL 2133/2023,"Altera a Lei nº 14.133, de 1º de abril de 2021, para inserir dispositivos para instituir o Sistema de Compra Instantânea (Cix).",2025-08-25T00:00,MESA,Aguardando Apreciação pelo Senado Federal,2024-05-08T16:08,CFT,"Parecer do Relator, Dep. Luiz Carlos Hauly (PODE-PR), pela compatibilidade e adequação financeira e orçamentária; e, no mérito, pela aprovação.",,https://www.camara.leg.br/proposicoesWeb/prop_mostrarintegra?codteor=2263351,https://dadosabertos.camara.leg.br/api/v2/proposicoes/2358217
18001.001289/2024-15,xxx,Assessoria Especial de Assuntos Parlamentares e Federativos,Ofício nº 66608 (SEI-MGI 42182409),5/20/2024,5/29/2024,Assessoria Estratégica - seges,Despacho MGI -SEGES-ASSEST (SEI 42238789),5/22/2024,5/28/2024,Gabinete da Delog ,Despacho MGI-SEGES-DELOG (SEI 42257226),5/23/2024,5/27/2024,4,5/27/2024,5/29/2024,5.0,6/4/2024,contrária ao PL,PL 2695/2019,"Altera a Lei nº 12.527, de 18 de novembro de 2011 (Lei de Acesso à Informação), e a Lei nº 14.133, de 1º de abril de 2021 (Lei de Licitações e Contratos Administrativos), para dispor acerca da disponibilização de documentos necessários à promoção da transparência no âmbito das despesas públicas.",2025-08-20T23:05,CASP,Aguardando Parecer,,,,,https://www.camara.leg.br/proposicoesWeb/prop_mostrarintegra?codteor=2468198,https://dadosabertos.camara.leg.br/api/v2/proposicoes/2454498
18001.001351/2024-79,xxx,Assessoria Especial de Assuntos Parlamentares e Federativos,OFÍCIO SEI Nº 70608/2024/MGI (SEI 42337962),5/28/2024,6/5/2024,Assessoria Estratégica SEGES ,Despacho MGI -SEGES-ASSEST (SEI 42506170),6/4/2024,6/11/2024,Gabinete da Delog ,Despacho MGI-SEGES-DELOG (SEI 41157592),6/4/2024,6/10/2024,5,7/1/2024,7/2/2024,3.0,7/4/2024,"O parecer é favorável ao projeto de lei, com ressalvas e sugestões de ajustes:  

1. Texto original: Recomenda que o art. 4º remeta às Normas da ABNT (NBR 14653) para evitar detalhamentos técnicos desnecessários na lei.  

2. Parecer da Comissão: Aprova com alterações no art. 74 da Lei nº 14.133/2021, incluindo:  
   - Laudo de avaliação prévia obrigatório conforme normas técnicas;  
   - Profissionais habilitados (engenheiro, arquiteto ou agrônomo) devem assinar o laudo;  
   - Dispensa o laudo para contratos com valor anual abaixo do limite do art. 75.  

Conclusão: Parecer favorável com ajustes sugeridos.",PL 2283/2021,Dispõe sobre procedimentos nas avaliações de imóveis destinados a órgãos e entidades públicas federais.,2025-08-12T14:00,CASP,Pronta para Pauta,2022-04-27T09:00,CTRAB,"(Instalação da Comissão) O Relator, Dep. Fabio Reis, não integrava a Comissão na data da instalação (deixou de ser membro em 02/02/2022)",,https://www.camara.leg.br/proposicoesWeb/prop_mostrarintegra?codteor=2032029,https://dadosabertos.camara.leg.br/api/v2/proposicoes/2287883
18001.001407/2024-95,xxx,Assessoria Especial de Assuntos Parlamentares e Federativos,OFÍCIO SEI Nº 73272/2024/MGI (SEI 42491561),6/4/2024,6/12/2024,Assessoria Estratégica SEGES ,Despacho MGI -SEGES-ASSEST (SEI42575578),6/6/2024,6/11/2024,Gabinete da Delog ,Despacho MGI-SEGES-DELOG (SEI 42625518),6/7/2024,6/10/2024,2,6/10/2024,10/06/2024 (obs. prorrogação até 17/06/2024),8.0,6/26/2024,"Diante do exposto, esta unidade técnica, dentro de seu espectro de atuação, posiciona-se favoravelmente ao Projeto de Lei nº 2.408, de 2023 (SEI 42491528), desde que observado o apontamento da Tabela referente à necessidade de prever período de vacatio legis, contudo as alterações propostas necessitam ser incluídas no planejamento de atividades da Diretoria de Normas e Sistemas de Logística (DELOG) junto ao Serviço Federal de Processamento de Dados (SERPRO).",PL 2408/2023,"Altera a Lei nº 14.133, de 1 de abril de 2021, para incluir no Portal Nacional de Contratações Públicas (PNCP) informações que permitam a identificação da origem dos recursos utilizados nas contratações.",2025-09-02T14:37,CCJC,Pronta para Pauta,2024-05-23T09:26,CFT,"Parecer do Relator, Dep. Luiz Philippe de Orleans e Bragança (PL-SP), pela não implicação da matéria em aumento ou diminuição da receita ou da despesa públicas, não cabendo pronunciamento quanto à adequação financeira e orçamentária; e, no mérito, pela aprovação.",,https://www.camara.leg.br/proposicoesWeb/prop_mostrarintegra?codteor=2269491,https://dadosabertos.camara.leg.br/api/v2/proposicoes/2360726
14022.046680/2024-40,xxx,Presidência da Repúbica (Urgente),OFÍCIO CIRCULAR Nº 118/2024/SALEG/SAJ/CC/PR (SEI 42927144) ,6/17/2024,6/21/2024,Assessoria Estratégica SEGES (Urgente),Despacho MGI -SEGES-ASSEST (SEI 42927275),6/18/2024,6/19/2024,Gabinete da Delog ,Despacho MGI-SEGES-DELOG (SEI 42930498),6/18/2024,6/19/2024,1,6/19/2024,6/20/2024,1.0,6/20/2024,"Diante desses apontamentos, Sr. Secretário, sugere-se que a SEGES não indique óbice à sanção do texto conforme consta dos Autógrafos remetidos pelo Congresso ao Executivo. No entanto, avalia-se necessário que faça conhecidas suas preocupações e riscos apontados nesta Nota e na manifestação da DEMOR que, caso não sejam tratadas no bojo da regulamentação da Lei, do Contrato de Gestão e da governança da Embratur, poderão gerar riscos desnecessários em sua atuação.",PL 545/2024,"Altera a Lei nº 14.002, de 22 de maio de 2020, e a Lei nº 11.771, de 17 de setembro de 2008, para atualizar e aprimorar o regime jurídico a que se submete a Agência Brasileira de Promoção Internacional do Turismo - Embratur.  NOVA EMENTA: Altera as Leis nºs 14.002, de 22 de maio de 2020, e 11.771, de 17 de setembro de 2008, para atualizar e aprimorar o regime jurídico a que se submete a Agência Brasileira de Promoção Internacional do Turismo (Embratur); e altera a Lei nº 12.462, de 4 de agosto de 2011.",2024-06-25T00:00,MESA,Transformado em Norma Jurídica,2024-04-06T17:07,MESA,"Apresentação do PRLP n. 1 PLEN (Parecer Preliminar de Plenário), pelo Deputado Leur Lomanto Júnior (UNIÃO/BA).",,https://www.camara.leg.br/proposicoesWeb/prop_mostrarintegra?codteor=2391284,https://dadosabertos.camara.leg.br/api/v2/proposicoes/2419197
18001.001529/2024-81,xxx,Assessoria Especial de Assuntos Parlamentares e Federativos,OFÍCIO SEI Nº 81713/2024/MGI (SEI 42921448),6/18/2024,XXX,Assessoria Estratégica SEGES ,Despacho MGI -SEGES-ASSEST (SEI42971459),6/18/2024,6/24/2024,Gabinete da Delog ,Despacho MGI-SEGES-DELOG (SEI 42974505),6/19/2024,6/21/2024,3,6/21/2024,6/25/2024,1.0,6/25/2024,"Diante do exposto, esta unidade técnica, dentro de seu espectro de atuação (indicado no item 2 desta Nota Técnica), informa que não encontra óbice ao prosseguimento do feito e, nesta oportunidade, considerando o mérito e o texto do PL nº 3.639, de 2019 (SEI º n42921352), entende-se que a matéria deve ser submetida ao crivo da Secretaria de Patrimônio da União (SPU), unidade deste Ministério da Gestão e da Inovação em Serviços Públicos (MGI) responsável pela gestão do patrimônio da União.",,,,,,,,,,,
14022.046048/2024-04,xxx,Assessoria Especial de Assuntos Parlamentares e Federativos (Urgente),Despacho MGI-GM- ASPAR (SEI 42780501),6/12/2024,6/14/2024,Assessoria Estratégica SEGES (Urgente),Despacho MGI -SEGES-ASSEST (427818696),6/12/2024,6/13/2024,Gabinete da Delog ,Despacho MGI-SEGES-DELOG (SEI 42781899),6/12/2024,6/13/2024,1,6/13/2024,6/13/2024,1.0,6/13/2024,"Considerando o acima exposto, esta Secretaria de Reformas Econômicas manifesta-se de forma favorável ao PL nº 3.905/2021, não apresentando vetos à proposta.",PL 3905/2021,"Estabelece o marco regulatório do fomento à cultura, no âmbito da administração pública da União, dos Estados, do Distrito Federal e dos Municípios.",2024-07-02T00:00,MESA,Transformado em Norma Jurídica,2022-06-20T17:30,CTRAB,"Apresentação do Parecer do Relator n. 1 CTASP, pela Deputada Fernanda Melchionna (PSOL/RS).",,https://www.camara.leg.br/proposicoesWeb/prop_mostrarintegra?codteor=2100544,https://dadosabertos.camara.leg.br/api/v2/proposicoes/2305816
18001.001631/2024-87,xxx,Assessoria Especial de Assuntos Parlamentares e Federativos,OFÍCIO SEI Nº 88297/2024/MGI (SEI 43281555),7/1/2024,7/8/2024,Assessoria Estratégica SEGES ,Despacho MGI -SEGES-ASSEST (SEI 43290726),7/2/2024,7/8/2024,Gabinete da Delog ,Despacho MGI-SEGES-DELOG (SEI 43298197),7/2/2024,7/5/2024,4,7/5/2024,7/16/2024,1.0,7/17/2024,contrária ao PL,PL 5464/2020,Dispõe sobre a oferta de acolhimento institucional específico para crianças e adolescentes vítimas de violência sexual.,2025-03-26T13:03,CCJC,Pronta para Pauta,2023-01-31T00:00,CSAUDE,"(Fim de Legislatura) A Relatora, Dep. Flávia Morais, deixou de ser membro da Comissão",,https://www.camara.leg.br/proposicoesWeb/prop_mostrarintegra?codteor=1949552,https://dadosabertos.camara.leg.br/api/v2/proposicoes/2266631
18001.001636/2024-18,xxx,Assessoria Especial de Assuntos Parlamentares e Federativos (Urgente),OFÍCIO SEI Nº 30025/2024/MGI (SEI 43488191),7/8/2024,7/8/2024,Chefia de gabinete SEGES (Urgente),Despacho MGI -SEGES (SEI 4113502),7/8/2024,7/8/2024,xxx,xxx,xxx,xxx,1,7/8/2024,7/8/2024,5.0,7/12/2024,"Nesse sentido, observadas as atribuições regimentais desta Secretaria de Gestão e Inovação, manifesta-se favorável com ressalvas à proposta de atualização da Lei nº 14.133, de 2021, de autoria do Senador Fernando Farias (MDB/AL), conforme os apontamentos exarados na presente Nota Técnica pela supressão do art. 2º, visto já haver legislação vigente que dispõe sobre os conceitos ali elencados, bem como dos §§ a serem acrescidos ao art. 26 da Lei nº 14.133, de 2021, e com a alteração da redação do inciso II do mesmo artigo.",PL 1086/2024,"Altera a Lei nº 14.133, de 1º de abril de 2021 (Lei de Licitações e Contratos Administrativos), para estabelecer margem de preferência nas aquisições de bens compostáveis ou eficientes no uso de energia, água ou materiais, e de bens e serviços que atendam a critérios de sustentabilidade, e dá outras providências.",2025-09-12T00:00,MESA,Aguardando Despacho do Presidente da Câmara dos Deputados (Chancela),,,,,https://www.camara.leg.br/proposicoesWeb/prop_mostrarintegra?codteor=2999988,https://dadosabertos.camara.leg.br/api/v2/proposicoes/2560792
18001.001694/2024-33,xxx,Assessoria Especial de Assuntos Parlamentares e Federativos (Urgente),OFÍCIO SEI Nº 91998/2024/MGI (SEI 43496465),7/8/2024,7/9/2024,Assessoria Estratégica SEGES (Urgente),Despacho MGI -SEGES-ASSEST (SEI 43534589),7/10/2024,7/10/2024,Gabinete da Delog ,Despacho MGI-SEGES-DELOG (SEI 18001.001694/2024-33),7/10/2024,7/10/2024,1,7/10/2024,7/10/2024,,Não foi assindado,contrária ao PL,PL 2225/2023,"Altera a Lei nº 13.303, de 30 de junho de 2016 para estender a adesão ao Sistema de Registro de Preços a órgãos da Administração Direta e a Lei nº 14.133, de 1º de abril de 2021.",2025-09-04T11:29,CCJC,Aguardando Parecer,2024-07-02T22:43,CFT,"Parecer da Relatora, Dep. Laura Carneiro (PSD-RJ), pela não implicação da matéria em aumento ou diminuição da receita ou da despesa públicas, não cabendo pronunciamento quanto à adequação financeira e orçamentária; e, no mérito, pela aprovação.",,https://www.camara.leg.br/proposicoesWeb/prop_mostrarintegra?codteor=2265026,https://dadosabertos.camara.leg.br/api/v2/proposicoes/2358824
18001.001694/2024-33,xxx,Assessoria Especial de Assuntos Parlamentares e Federativos (Urgente),OFÍCIO SEI Nº 91998/2024/MGI (SEI 43496465),7/8/2024,7/9/2024,Assessoria Estratégica SEGES (Urgente),Despacho MGI -SEGES-ASSEST (SEI 43534589),7/10/2024,7/10/2024,Gabinete da Delog ,Despacho MGI-SEGES-DELOG (SEI 18001.001694/2024-33),7/10/2024,7/10/2024,1,7/10/2024,7/10/2024,,Não foi assindado,contrária ao PL,PL 2225/2023,"Altera a Lei nº 13.303, de 30 de junho de 2016 para estender a adesão ao Sistema de Registro de Preços a órgãos da Administração Direta e a Lei nº 14.133, de 1º de abril de 2021.",2025-09-04T11:29,CCJC,Aguardando Parecer,2024-07-02T22:43,CFT,"Parecer da Relatora, Dep. Laura Carneiro (PSD-RJ), pela não implicação da matéria em aumento ou diminuição da receita ou da despesa públicas, não cabendo pronunciamento quanto à adequação financeira e orçamentária; e, no mérito, pela aprovação.",,https://www.camara.leg.br/proposicoesWeb/prop_mostrarintegra?codteor=2265026,https://dadosabertos.camara.leg.br/api/v2/proposicoes/2358824
14022.056663/2024-11,xxx,Assessoria Especial de Assuntos Parlamentares e Federativos (Urgente),Despacho MGI-GM- ASPAR (SEI 4374156) ,7/18/2024,7/19/2024,Assessoria Estratégica SEGES (Urgente),Despacho MGI -SEGES-ASSEST (SEI 43750932),7/18/2024,7/19/2024,Gabinete da Delog ,Despacho MGI-SEGES-DELOG (SEI 43752210),7/18/2024,7/19/2024,1,7/19/2024,7/19/2024,1.0,7/19/2024,"Nesse sentido, observadas as atribuições regimentais desta Secretaria de Gestão e Inovação, manifestamo-nos de forma favorável à sanção do Projeto de Lei nº 1.006, de 2022, especificamente com relação ao dispositivo que disciplina a hipótese de dispensa de licitação.",PL 1006/2022,"Institui a Lei Geral das Atividades Espaciais e altera a Lei nº 8.854, de 10 de fevereiro de 1994.",2025-07-07T00:00,MESA,Transformado em Norma Jurídica,2023-01-31T00:00,CCTI,"(Fim de Legislatura) O Relator, Dep. Coronel Chrisóstomo, deixou de ser membro da Comissão",,https://www.camara.leg.br/proposicoesWeb/prop_mostrarintegra?codteor=2160326,https://dadosabertos.camara.leg.br/api/v2/proposicoes/2320339
18001.001371/2024-40 ,xxx,Assessoria Especial de Assuntos Parlamentares e Federativos ,OFÍCIO SEI Nº 71341/2024/MGI (SEI 42371603),5/28/2024,xxx,Assessoria Estratégica SEGES ,Despacho MGI -SEGES-ASSEST (SEI 42459910),6/3/2024,6/10/2024,Gabinete da Delog ,Despacho MGI-SEGES-DELOG (SEI 42463988),6/3/2024,07/062024,5,6/11/2024,Em bloco ,,Não foi assindado,"Diante do exposto, esta Delog e Central posicionam-se pela aprovação da Medida Provisória nº 1.221, de 2024, observada as considerações técnicas e sugestões de emendas apresentadas, respectivamente, no quadro dos itens 10 e 11 desta Nota Técnica.",PL 1221/2024,Incluir na Rota Nacional do Turismo a Região da Chapada Diamantina no Estado da Bahia e dá outras providências.,2024-07-03T00:00,CCP,Aguardando Designação de Relator(a),2024-05-21T09:39,CTUR,"Parecer do Relator, Dep. Gabriel Nunes (PSD-BA), pela aprovação, com substitutivo.",,https://www.camara.leg.br/proposicoesWeb/prop_mostrarintegra?codteor=2405743,https://dadosabertos.camara.leg.br/api/v2/proposicoes/2425950
18001.000918/2024-90,xxx,Assessoria Especial de Assuntos Parlamentares Federativos,OFÍCIO SEI Nº 47550/2024/MGI (SEI 41409975),17/04/2024,24/04/2025,Assessoria Estratégica SEGES,Despacho -SEGES - ASSEST (SEI 41513140),18/04/2025,02/05/2025,Gabinete da Delog,Despacho MGI-SEGES-DELOG (SEI 41541078),19/04/2025,30/04/2025,8,02/05/2025,26/08/2025,63.0,27/08/2025,"Diante do exposto, esta unidade técnica, dentro de seu espectro de atuação (indicado no item 2 desta Nota Técnica), posiciona-se favoravelmente ao Projeto de Lei nº 4687, de 2023 (SEI 41409557), bem como às Emendas apresentadas no bojo do Parecer Comissão de Transparência, Governança, Fiscalização e Controle e Defesa do Consumidor (SEI 41409704), desde que observado o item 16 deste Nota Técnica, propondo, no item 17, uma emenda aditiva e sua respectiva justificação para aprimoramento das regras para as contratações de obras, serviços e fornecimentos quando houver a adoção de prestação de garantia, com a inclusão de cláusula de retomada,",,,,,,,,,,,
18001.002475/2024-90,xxx,Assessoria Especial de Assuntos Parlamentares Federativos,Ofício SEI nº 141448/2024/MGI (SEI 45561729),08/10/2024,18/10/2024,Assessoria Estratégica SEGES,Despacho -SEGES - ASSEST (SEI 45596834),09/10/2024,31/10/2024,Gabinete da Delog,Despacho MGI-SEGES-DELOG (SEI 45607211 ),09/10/2024,29/10/2024,14,31/10/2024,01/11/2024,21.0,01/11/2024,"Diante do exposto, esta unidade técnica manifesta-se favoravelmente ao Substitutivo (SEI 45561705, págs. 5-6), desde que acatada a sugestão redacional apresentada no item 16 desta Nota Técnica.",PL 587/2022,"Institui a Política Federal TI Verde, para promover a reutilização e reciclagem de computadores e acessórios descartados pelos órgãos públicos federais.",2024-12-11T00:00,CCP,Aguardando Designação de Relator(a),2022-06-21T11:39,CMADS,"Apresentação do Parecer do Relator n. 1 CMADS, pelo Deputado Vavá Martins (REPUBLIC/PA).",,https://www.camara.leg.br/proposicoesWeb/prop_mostrarintegra?codteor=2148757,https://dadosabertos.camara.leg.br/api/v2/proposicoes/2318002
18001.001911/2024-95,xxx,Assessoria Especial de Assuntos Parlamentares Federativos,OFÍCIO SEI Nº 105843/2024/MGI (SEI 44151563),08/08/2024,XXX,Assessoria Estratégica SEGES,Despacho -SEGES - ASSEST (SEI 44172824),08/08/2024,XXX,Gabinete da Delog,Despacho MGI-SEGES-DELOG (SEI 44608965),28/08/2024,XXX,XX,13/09/2024,02/10/2024,13.0,02/10/2024,"Diante do exposto, esta unidade técnica, conquanto ao mérito de relevo da proposição que visa o aprimoramento das licitações quanto à transparência, a eficiência e a economia de recursos públicos de todos os entes federados, consigna pelo prosseguimento do presente Projeto de Lei, conforme descrito nos itens 10 a 17 desta Nota Técnica.",PL 229/2024,"Altera o art. 54, §1º da Lei nº 14.133, de 1º de abril de 2021, o art. 10, VI, da Lei nº 11.079, de 30 de dezembro de 2004, e o art. 15, §1º, I, da Lei nº 12.462, de 4 de agosto de 2011, para modificar a forma de publicação dos atos da administração pública.",2024-05-21T00:00,MESA,Tramitando em Conjunto,,,,,https://www.camara.leg.br/proposicoesWeb/prop_mostrarintegra?codteor=2386412,https://dadosabertos.camara.leg.br/api/v2/proposicoes/2417675
18001.003153/2024-40,xxx,Assessoria Especial de Assuntos Parlamentares Federativos,Despacho MGI-GM- ASPAR (SEI 47223131),20/12/2024,23/12/2024,Assessoria Estratégica SEGES,Despacho -SEGES - ASSEST (SEI 47230282),23/12/2024,23/12/2024,Gabinete da Delog,xxx,xxx,xxx,1,23/12/2024,23/12/2024,1.0,23/12/2024,"Diante do exposto, esta unidade técnica manifesta-se favorável à sanção da referida proposta.",PL 4/2024,"Cria cargos efetivos, cargos em comissão e funções comissionadas no Quadro de Pessoal do Tribunal Superior Eleitoral e dos Tribunais Regionais Eleitorais.",2025-08-25T09:42,CCJC,Pronta para Pauta,2025-03-31T16:17,CASP,"Parecer do Relator, Dep. Bruno Farias (AVANTE-MG), pela aprovação.",,https://www.camara.leg.br/proposicoesWeb/prop_mostrarintegra?codteor=2383319,https://dadosabertos.camara.leg.br/api/v2/proposicoes/2416830
18001.003153/2024-40,xxx,Assessoria Especial de Assuntos Parlamentares Federativos,Despacho MGI-GM- ASPAR (SEI 47223131),20/12/2024,23/12/2024,Assessoria Estratégica SEGES,Despacho -SEGES - ASSEST (SEI 47230282),23/12/2024,23/12/2024,Gabinete da Delog,xxx,xxx,xxx,1,23/12/2024,23/12/2024,1.0,23/12/2024,"Diante do exposto, esta unidade técnica manifesta-se favorável à sanção da referida proposta.",PL 4/2024,"Cria cargos efetivos, cargos em comissão e funções comissionadas no Quadro de Pessoal do Tribunal Superior Eleitoral e dos Tribunais Regionais Eleitorais.",2025-08-25T09:42,CCJC,Pronta para Pauta,2025-03-31T16:17,CASP,"Parecer do Relator, Dep. Bruno Farias (AVANTE-MG), pela aprovação.",,https://www.camara.leg.br/proposicoesWeb/prop_mostrarintegra?codteor=2383319,https://dadosabertos.camara.leg.br/api/v2/proposicoes/2416830
18001.002896/2024-01,xxx,Assessoria Especial de Assuntos Parlamentares Federativos,OFÍCIO SEI Nº 168747/2024/MGI (SEI 46625714),26/11/2024,03/12/2024,Assessoria Estratégica SEGES,Despacho -SEGES - ASSEST (SEI 46646169),26/11/2024,02/01/2024,Gabinete da Delog,Despacho MGI-SEGES-DELOG (SEI 44608965),26/11/2024,29/11/2024,3,28/11/2024,28/11/2024,3.0,02/12/2024,"Nesse sentido, observadas as atribuições regimentais desta Secretaria de Gestão e Inovação, manifestamo-nos no sentido de que o Projeto de Lei nº 2852, de 2019 (SEI 46625518), de autoria do Deputado Federal Felipe Carreras (PSB-PE), que ""Estabelece a obrigatoriedade do uso de madeira certificada por todos os órgãos da Administração Pública"", assim como o substitutivo proposto pela Comissão de Administração e Serviço Público (CASP) (SEI 46625648), que ""Altera a Lei nº 14.133, de 1º de abril de 2021, para estabelecer a obrigatoriedade de certificação dos produtos de origem florestal utilizados por órgãos e entidades da Administração Pública"", não devem prosperar.",PL 2852/2019,Estabelece a obrigatoriedade do uso de madeira certificada por todos os órgãos da Administração Pública.,2025-08-20T23:05,CFT,Aguardando Parecer,2019-08-15T16:18,CMADS,"Apresentação do Parecer do Relator n. 1 CMADS, pelo Deputado Rodrigo Agostinho (PSB-SP).",,https://www.camara.leg.br/proposicoesWeb/prop_mostrarintegra?codteor=1747380,https://dadosabertos.camara.leg.br/api/v2/proposicoes/2203128
18001.001694/2024-33,xxx,Assessoria Especial de Assuntos Parlamentares Federativos,OFÍCIO SEI Nº 91998/2024/MGI (SEI 43496465),08/07/2024,09/07/2024,Assessoria Estratégica SEGES,Despacho -SEGES - ASSEST (SEI 43534589),10/07/2024,10/07/2024,Gabinete da Delog,Despacho MGI-SEGES-DELOG (SEI 43534999),10/07/2024,10/07/2024,1,16/07/2024,16/07/2024,20.0,13/08/2024,"Nesse sentido, observadas as atribuições regimentais desta Secretaria de Gestão e Inovação, manifestamo-nos no sentido de que o Projeto de Lei nº 2.225, de 2023, não deve prosperar.",PL 2225/2023,"Altera a Lei nº 13.303, de 30 de junho de 2016 para estender a adesão ao Sistema de Registro de Preços a órgãos da Administração Direta e a Lei nº 14.133, de 1º de abril de 2021.",2025-09-04T11:29,CCJC,Aguardando Parecer,2024-07-02T22:43,CFT,"Parecer da Relatora, Dep. Laura Carneiro (PSD-RJ), pela não implicação da matéria em aumento ou diminuição da receita ou da despesa públicas, não cabendo pronunciamento quanto à adequação financeira e orçamentária; e, no mérito, pela aprovação.",,https://www.camara.leg.br/proposicoesWeb/prop_mostrarintegra?codteor=2265026,https://dadosabertos.camara.leg.br/api/v2/proposicoes/2358824
18001.001694/2024-33,xxx,Assessoria Especial de Assuntos Parlamentares Federativos,OFÍCIO SEI Nº 91998/2024/MGI (SEI 43496465),08/07/2024,09/07/2024,Assessoria Estratégica SEGES,Despacho -SEGES - ASSEST (SEI 43534589),10/07/2024,10/07/2024,Gabinete da Delog,Despacho MGI-SEGES-DELOG (SEI 43534999),10/07/2024,10/07/2024,1,16/07/2024,16/07/2024,20.0,13/08/2024,"Nesse sentido, observadas as atribuições regimentais desta Secretaria de Gestão e Inovação, manifestamo-nos no sentido de que o Projeto de Lei nº 2.225, de 2023, não deve prosperar.",PL 2225/2023,"Altera a Lei nº 13.303, de 30 de junho de 2016 para estender a adesão ao Sistema de Registro de Preços a órgãos da Administração Direta e a Lei nº 14.133, de 1º de abril de 2021.",2025-09-04T11:29,CCJC,Aguardando Parecer,2024-07-02T22:43,CFT,"Parecer da Relatora, Dep. Laura Carneiro (PSD-RJ), pela não implicação da matéria em aumento ou diminuição da receita ou da despesa públicas, não cabendo pronunciamento quanto à adequação financeira e orçamentária; e, no mérito, pela aprovação.",,https://www.camara.leg.br/proposicoesWeb/prop_mostrarintegra?codteor=2265026,https://dadosabertos.camara.leg.br/api/v2/proposicoes/2358824
18001.001628/2024-63,xxx,Assessoria Especial de Assuntos Parlamentares Federativos,OFÍCIO SEI Nº 88259/2024/MGI (SEI 43279169),01/07/2024,08/07/2024,Assessoria Estratégica SEGES,Despacho -SEGES - ASSEST (SEI 43304468),02/07/2024,08/07/2024,Gabinete da Delog,Despacho MGI-SEGES-DELOG (SEI 43305755),02/07/2024,05/07/2024,3,09/07/2024,09/07/2024,1.0,09//07/2024,"Diante do exposto, considerando-se as competências regimentais da Delog e DTGES conquanto o mérito de relevo da proposição, opina-se opina-se favorável pelo prosseguimento da proposição apresentada, com sugestão de acréscimo ao texto original conforme itens 7 a 10 desta Nota Técnica.",PL 4154/2019,"Altera a Lei nº 9.784, de 29 de janeiro de 1999 (Lei do Processo Administrativo Federal), para estabelecer a contagem de prazos em dias úteis e sua suspensão no período de 20 de dezembro a 20 de janeiro.",2024-12-10T00:00,MESA,Aguardando Apreciação pelo Senado Federal,2019-10-17T11:13,CTRAB,"Apresentação do Parecer do Relator, PRL 1 CTASP, pelo Dep. Fábio Mitidieri",,https://www.camara.leg.br/proposicoesWeb/prop_mostrarintegra?codteor=1781769,https://dadosabertos.camara.leg.br/api/v2/proposicoes/2212908
18001.002180/2024-03,xxx,Presidência da República,"OFÍCIO SEI Nº 196/2024/SALEG/SAJ/CC/PR
  (SEI 44806361)",04/09/2024,10/09/2024,Assessoria Estratégica SEGES,Despacho -SEGES - ASSEST (SEI 44813578),05/09/2024,06/09/2024,Gabinete da Delog,xxx,xxx,xxx,1,06/09/2024,06/09/2024,1.0,06/09/2024,"Diante do exposto, esta unidade técnica manifesta-se pelo veto do referido dispositivo por contrariedade ao interesse público.",PL 1829/2019,"Modifica o artigo 181 da Lei nº 7.565, de 19 de dezembro de 1986.  NOVA EMENTA: Altera as Leis nºs 7.064, de 6 de dezembro de 1982, 7.565, de 19 de dezembro de 1986 (Código Brasileiro de Aeronáutica), 11.771, de 17 de setembro de 2008 (Lei Geral do Turismo), 12.462, de 4 de agosto de 2011, 13.097, de 19 de janeiro de 2015, e 13.146, de 6 de julho de 2015 (Estatuto da Pessoa com Deficiência), para promover a modernização do turismo; dispõe sobre a transferência de empregados da Infraero; revoga o Decreto-Lei nº 1.439, de 30 de dezembro de 1975, e a Lei nº 6.513, de 20 de dezembro de 1977, e dispositivos das Leis nºs 12.833, de 20 de junho de 2013, e 12.974, de 15 de maio de 2014.",2024-09-18T00:00,MESA,Transformado em Norma Jurídica,2017-06-19T00:00,MESA,"Deferido o Requerimento n. 6.298/2017, conforme despacho do seguinte teor: ""Deferido o Requerimento n. 6.298/2017, nos termos dos arts. 142, caput, e 143, II, ""b"", do RICD. Apense-se o Projeto de Lei n. 7.425/2017 ao Projeto de Lei n. 2.724/2015. Por conseguinte, revejo o despacho de distribuição do Projeto de Lei n. 2.724/2015 para incluir a análise pelas Comissões de Cultura, de Trabalho, de Administração e Serviço Público, de Turismo e de Finanças e Tributação (art. 54 do RICD), sujeito à apreciação do Plenário, sob o regime de tramitação prioridade. Em razão da tramitação conjunta dos referidos projetos, determino a alteração da denominação da Comissão Especial destinada a proferir parecer ao Projeto de Lei n. 7.425/2017, do Poder Executivo, que ""autoriza o Poder Executivo federal a instituir a Agência Brasileira de Promoção do Turismo - Embratur e dá outras providências"", para Comissão Especial destinada a proferir parecer ao Projeto de Lei n. 2.724/2015, que ""eleva a participação do capital estrangeiro com direito a voto nas empresas de transporte aéreo"", e ao apenso. Publique-se. Oficie-se. [ATUALIZAÇÃO DO DESPACHO DO PL N. 2.724/2015: À CCULT, à CTASP, à CTUR, à CVT, à CDEICS, à CFT (art. 54 do RICD) e à CCJC (art. 54 do RICD). Proposição sujeita à apreciação do Plenário. Regime de Tramitação: Prioridade.]"".",,https://www.camara.leg.br/proposicoesWeb/prop_mostrarintegra?codteor=1374739,https://dadosabertos.camara.leg.br/api/v2/proposicoes/1672576
18001.002179/2024-71,xxx,Assessoria Especial de Assuntos Parlamentares Federativos,"OFÍCIO SEI Nº 122666/2024/MGI
  (SEI 44806355)",05/09/2024,XXX,Assessoria Estratégica SEGES,Despacho -SEGES - ASSEST (SEI 44813888),05/09/2024,XXX,Gabinete da Delog,Despacho MGI-SEGES-DELOG (SEI 44826945),06/09/2024,XXX,14,26/09/2024,30/09/2024,1.0,30/09/2024,"Nesse sentido, observadas as atribuições regimentais desta Secretaria de Gestão e Inovação, manifestamo-nos no sentido de que o Projeto de Lei nº 3595/2019 (SEI 44806044), de autoria do Senador Flávio Arns (REDE/PR), que ""Institui percentual de vagas para contratação de mulheres em situação de violência doméstica ou vulnerabilidade social no âmbito dos contratos de terceirização da Administração Pública Federal direta, autárquica e fundacional e das empresas públicas e das sociedades de economia mista controladas pela União"", assim como o substitutivo proposto pela Comissão Direitos Humanos e Legislação Participativa (CDH) do Senado Federal (SEI 44806115), não devem prosperar.",PL 3595/2019,"Altera a Lei nº 14.133, de 1º de abril de 2021 (Lei de Licitações e Contratos Administrativos), a fim de reservar para as mulheres em situação de violência doméstica e familiar 5% (cinco por cento) das vagas de postos de trabalho constantes dos contratos de prestação de serviços celebrados com as Administrações Públicas diretas, autárquicas e fundacionais da União, dos Estados, do Distrito Federal e dos Municípios.",2025-09-18T12:59,CFT,Aguardando Parecer,2025-05-28T09:24,CMULHER,"Parecer da Relatora, Dep. Laura Carneiro (PSD-RJ), pela aprovação.",,https://www.camara.leg.br/proposicoesWeb/prop_mostrarintegra?codteor=2837131,https://dadosabertos.camara.leg.br/api/v2/proposicoes/2477341
18001.002241/2024-24,xxx,Assessoria Especial de Assuntos Parlamentares Federativos,OFÍCIO SEI Nº 126629/2024/MGI (SEI 44969376),12/09/2024,20/09/2024,Assessoria Estratégica SEGES,Despacho -SEGES - ASSEST (SEI 45065968),17/09/2024,19/09/2024,Gabinete da Delog,Despacho MGI-SEGES-DELOG (SEI 45088984),17/09/2024,18/09/2024,2,18/09/2024,19/09/2024,2.0,23/09/2024,"Nesse sentido, observadas as atribuições regimentais desta Secretaria de Gestão e Inovação, manifestamo-nos no sentido de que o Projeto de Lei nº 3547/2023 (SEI 44969225), de autoria da Deputada Meire Serafim - UNIÃO/AC, que ""altera a Lei nº 14.133, de 1º de abril de 2021 (Lei de Licitações e Contratos Administrativos), para disciplinar a observância das peculiaridades da Amazônia Legal na definição do valor previamente estimado da contratação cujo objeto será executado na referida região"", assim como o substitutivo proposto pela Comissão da Amazônia e dos Povos Originários e Tradicionais (CPOVOS) da Câmara dos Deputados (SEI 44969318), não devem prosperar.",PL 3547/2023,"Altera a Lei nº 14.133, de 1º de abril de 2021 (Lei de Licitações e Contratos Administrativos), para disciplinar a observância das peculiaridades da Amazônia Legal na definição do valor previamente estimado da contratação cujo objeto será executado na referida região.",2025-09-18T12:59,CCJC,Aguardando Parecer,2024-06-11T10:25,CPOVOS,"Parecer do Relator, Dep. Zezinho Barbary (PP-AC), pela aprovação deste, e do PL 3881/2023, apensado, com substitutivo.",,https://www.camara.leg.br/proposicoesWeb/prop_mostrarintegra?codteor=2300973,https://dadosabertos.camara.leg.br/api/v2/proposicoes/2374001
18001.002286/2024-07,xxx,Presidência da República,OFÍCIO CIRCULAR Nº 216/2024/SALEG/SAJ/CC/PR(45161092),19/09/2024,20/09/2024,Assessoria Estratégica SEGES,Despacho -SEGES - ASSEST (SEI 45140556),19/09/2024,20/09/2024,Gabinete da Delog,Despacho MGI-SEGES-DELOG (SEI 45141638),19/09/2024,20/09/2024,1,20/09/2024,20/09/2024,1.0,20/09/2024,"Diante do exposto, considerando que o Autógrafo do Projeto de Lei nº 3.117, de 2024, esta unidade técnica não faz contradita ao projeto de lei, mas sim opina favoravelmente pela sua sanção.",PL 3117/2024,"Dispõe sobre medidas excepcionais para a aquisição de bens e a contratação de obras e de serviços, inclusive de engenharia, destinados ao enfrentamento de impactos decorrentes de estado de calamidade pública.  NOVA EMENTA: Dispõe sobre medidas excepcionais para a aquisição de bens e a contratação de obras e de serviços, inclusive de engenharia, destinados ao enfrentamento de impactos decorrentes de estado de calamidade pública; autoriza o Poder Executivo federal a conceder subvenção econômica a mutuários afetados com perdas materiais nas áreas atingidas pelos eventos climáticos extremos ocorridos nos meses de abril e maio de 2024, nos termos do Decreto Legislativo nº 36, de 7 de maio de 2024; altera as Lei nºs 13.999, de 18 de maio de 2020, e 14.042, de 19 de agosto de 2020; autoriza o Poder Executivo federal a conceder subvenção econômica para constituição de escritórios de projetos; estabelece normas para facilitação de acesso a crédito, em virtude dos efeitos negativos decorrentes de desastres naturais; revoga as Medidas Provisórias nºs 1.216, de 9 de maio de 2024, e 1.221, de 17 de maio de 2024; e dá outras providências.",2024-10-29T00:00,MESA,Transformado em Norma Jurídica,2024-08-29T09:00,PLEN,"Parecer proferido em Plenário pelo Relator, Dep. Bohn Gass (PT-RS), pela Comissão de Integração Nacional e Desenvolvimento Regional, que conclui pela aprovação do Projeto de Lei nº 3.117, de 2024.",,https://www.camara.leg.br/proposicoesWeb/prop_mostrarintegra?codteor=2463165,https://dadosabertos.camara.leg.br/api/v2/proposicoes/2452037
18001.002308/2024-21,xxx,Assessoria Especial de Assuntos Parlamentares Federativos,OFÍCIO SEI Nº 131863/2024/MGI (SEI 45182144),23/09/2024,04/10/2024,Assessoria Estratégica SEGES,Despacho -SEGES - ASSEST (SEI 45221646),24/09/2024,02/10/2024,Gabinete da Delog,Despacho MGI-SEGES-DELOG (SEI ),24/09/2024,30/09/2024,4,30/09/2024,02/10/2024,2.0,04/10/2024,"Nesse sentido, observadas as atribuições regimentais desta Secretaria de Gestão e Inovação, manifestamo-nos no sentido de que o Projeto de Lei nº 5830/2023 (SEI 45182016), de autoria Deputado Pedro Aihara (PATRIOTA/MG), que """"Acrescenta o inciso VIII, ao art. 14, da Lei nº 14.133, de 01 de abril de 2021, para vedar a disputa em licitação ou participação da execução de contrato, direta ou indiretamente de pessoas físicas ou jurídicas condenadas por grave infração ambiental"", assim como o substitutivo proposto pela Comissão de Meio Ambiente e Desenvolvimento Sustentável (CMADS) da Câmara dos Deputados (SEI 45182084), não devem prosperar.",PL 5830/2023,"Acrescenta o inciso VIII, ao art. 14, da Lei nº 14.133, de 01 de abril de 2021, para vedar a disputa em licitação ou participação da execução de contrato, direta ou indiretamente de pessoas físicas ou jurídicas condenadas por grave infração ambiental.",2025-09-03T10:00,CMADS,Pronta para Pauta,2024-09-06T17:14,CMADS,"Parecer da Relatora, Dep. Duda Salabert (PDT-MG), pela aprovação, com substitutivo.",,https://www.camara.leg.br/proposicoesWeb/prop_mostrarintegra?codteor=2368713,https://dadosabertos.camara.leg.br/api/v2/proposicoes/2408910
18001.002318/2024-66,xxx,Assessoria Especial de Assuntos Parlamentares Federativos,OFÍCIO SEI Nº 132415/2024/MGI (SEI 45203126),23/09/2024,04/10/2024,Assessoria Estratégica SEGES,Despacho -SEGES - ASSEST (SEI 45207718),24/092024,02/10/2024,Gabinete da Delog,Despacho MGI-SEGES-DELOG (SEI 45220468),24/092024,30/09/2024,4,27/09/2024,01/10/2024,1.0,02/10/2024,"Nesse sentido, observadas as atribuições regimentais desta Secretaria de Gestão e Inovação, manifesta-se no sentido de que o Projeto de Lei nº 3364/2024 (SEI nº45203062) que ""Institui normas gerais de contratação por meio de Parcerias Público Populares (PPPopular); altera a Lei nº 9.608, de 18 de Fevereiro de 1998; altera a Lei nº 14.133, de 1º de Abril de 2021 e dá outras providências"", não deve prosperar, nos termos constantes nos itens 8 a 14 deste documento.",PL 3364/2024,"Institui normas gerais de contratação por meio de Parceiras Público Populares (PPPopular); altera a Lei nº 9.608, de 18 de Fevereiro de 1998; altera a Lei nº 14.133, de 1º de Abril de 2021 e dá outras providências.",2025-09-08T00:00,CCP,Aguardando Designação de Relator(a),2025-03-19T10:00,CINDRE,"(Instalação da Comissão) O Relator, Dep. Marangoni, não integrava a Comissão na data da instalação (deixou de ser membro em 31/01/2025)",,https://www.camara.leg.br/proposicoesWeb/prop_mostrarintegra?codteor=2470991,https://dadosabertos.camara.leg.br/api/v2/proposicoes/2455854
18001.002371/2024-67,xxx,Assessoria Especial de Assuntos Parlamentares Federativos,OFÍCIO SEI Nº 136496/2024/MGI (SEI 45370085),01/10/2024,15/10/2024,Assessoria Estratégica SEGES,Despacho -SEGES - ASSEST (SEI 45419926),02/10/2024,31/10/2024,Gabinete da Delog,Despacho MGI-SEGES-DELOG (SEI 45438534),02/10/2024,29/10/2024,20,29/10/2024,30/10/2024,1.0,30/10/2024,"Diante do exposto, esta unidade técnica opina de forma contrária ao projeto de lei, ora analisado, na forma apresentada nesta manifestação, em especial nos itens 9 a 18 desta Nota Técnica.",PL 3407/2024,"Altera a Lei n° 14.133, de 1º de abril de 2021, para estabelecer exigência de tempo mínimo de constituição da empresa para participar de processos licitatórios e celebrar contratos com administração pública.",2024-09-16T09:57,CFT,Aguardando Designação de Relator(a),,,,,https://www.camara.leg.br/proposicoesWeb/prop_mostrarintegra?codteor=2472148,https://dadosabertos.camara.leg.br/api/v2/proposicoes/2456309
18001.002358/2024-16,xxx,Assessoria Especial de Assuntos Parlamentares Federativos,OFÍCIO SEI Nº 135884/2024/MGI (45341665),30/09/2024,14/10/2024,Assessoria Estratégica SEGES,Despacho -SEGES - ASSEST (SEI 45358876),30/09/2024,14/10/2024,Gabinete da Delog,Despacho MGI-SEGES-DELOG (SEI 45370966),30/09/2024,11/10/2024,10,24/10/2024,25/10/2024,1.0,25/10/2024,"Diante do exposto, esta unidade técnica, dentro de seu espectro de atuação (indicado no item 2 desta Nota Técnica), embora meritória a proposição, quando propõe meios para que a sociedade possa ""efetivar o pleno e necessário controle sobre os recursos públicos empregados"", como destacado na Justificação, esta CGNOR posiciona-se contrariamente ao Projeto de Lei nº 1.901 de 2021 (SEI 45341636), uma vez que pode levar a interpretações divergentes entre as diretrizes de diferentes níveis administrativos, tornando-se polêmico ou, em algumas situações, redundante.",PL 1901/2021,"Acrescenta § 8º ao art. 115 e inciso XIII ao art. 155, ambos da Lei nº 14.133, de 1º de abril de 2021, para estabelecer a obrigação que especifica, e dá outras providências.",2025-08-29T14:45,MESA,Aguardando Parecer,2022-04-27T09:00,CFT,"(Instalação da Comissão) O Relator, Dep. Kim Kataguiri, não integrava a Comissão na data da instalação (deixou de ser membro em 02/02/2022)",,https://www.camara.leg.br/proposicoesWeb/prop_mostrarintegra?codteor=2015146,https://dadosabertos.camara.leg.br/api/v2/proposicoes/2283847
18001.002364/2024-65,xxx,Assessoria Especial de Assuntos Parlamentares Federativos,OFÍCIO SEI Nº 136030/2024/MGI (SEI 45247508),30/09/2024,07/10/2024,Assessoria Estratégica SEGES,Despacho -SEGES - ASSEST (SEI 45420835),02/10/2024,14/10/2024,Gabinete da Delog,Despacho MGI-SEGES-DELOG (SEI 45435499),02/10/2024,11/10/2024,8,19/11/2024,21/11/2024,21.0,09/12/2024,"Diante do exposto, esta unidade técnica considera que embora a proposição seja louvável, ela acaba por instituir vedações de caráter subjetivo às contratações públicas, mas com consequências drásticas para os gestores, pelo que consigna pelo não prosseguimento do presente Projeto de Lei.",PL 5941/2013,"Altera a Lei nº 8.666, de 21 de junho de 1993, e a Lei nº 8.313, de 23 de dezembro de 1991 - Lei Rouanet, para vedar o uso de recursos públicos em práticas que importem induzimento ou instigação de terceiros ao uso indevido de drogas ou à prática de crimes contra a dignidade sexual.",2025-06-11T09:39,CASP,Aguardando Parecer,2014-11-27T10:25,CCULT,"Apresentação do Parecer do Relator n. 1 CCULT, pela Deputada Jandira Feghali (PCdoB-RJ).",,https://www.camara.leg.br/proposicoesWeb/prop_mostrarintegra?codteor=1108742,https://dadosabertos.camara.leg.br/api/v2/proposicoes/584753
18001.002366/2024-54,xxx,Assessoria Especial de Assuntos Parlamentares Federativos,OFÍCIO SEI Nº 136449/2024/MGI(SEI 45367275),01/10/2024,08/10/2024,Assessoria Estratégica SEGES,Despacho -SEGES - ASSEST (SEI 45419806),02/10/2024,31/10/2024,Gabinete da Delog,Despacho MGI-SEGES-DELOG (SEI 45438554),02/10/2024,29/10/2024,20,29/10/2024,30/10/2024,4.0,04/11/2024,"Nesse sentido, observadas as atribuições regimentais desta Secretaria de Gestão e Inovação, manifestamo-nos favoravelmente ao prosseguimento do PL nº 3596/2024, de autoria do Senador Randolfe Rodrigues (PT/AC), especificamente com relação aos dispositivos objeto de análise pela presente Nota Técnica.",,,,,,,,,,,
18001.002373/2024-56,xxx,Assessoria Especial de Assuntos Parlamentares Federativos,OFÍCIO SEI Nº 136504/2024/MGI (SEI 45370378),01/10/2024,18/10/2024,Assessoria Estratégica SEGES,Despacho -SEGES - ASSEST (SEI 45419098),02/10/2024,31/10/2024,Gabinete da Delog,Despacho MGI-SEGES-DELOG (SEI 45438575),02/10/2024,29/10/2024,20,29/10/2024,30/10/2024,1.0,31/10/2024,"Nesse sentido, observadas as atribuições regimentais desta Secretaria de Gestão e Inovação, manifesta-se no sentido de que o Projeto de Lei nº 3240/2024 (SEI 45370362), de autoria do Deputado Ricardo Ayres (REPUBLIC/TO), que ""Altera a Lei nº 14.133, de 1º de abril de 2021, para dispor sobre a exigência, em contratações públicas, de percentual mínimo de mão de obra constituída por jovens aprendizes e pessoas com deficiência"", não deve prosperar.",PL 3240/2024,"Altera a Lei nº 14.133, de 1º de abril de 2021, para dispor sobre a exigência, em contratações públicas, de percentual mínimo de mão de obra constituída por jovens aprendizes e pessoas com deficiência.",2025-08-29T13:41,CPASF,Pronta para Pauta,2025-06-10T18:15,CPD,"Parecer do Relator, Dep. Acácio Favacho (MDB-AP), pela aprovação.",,https://www.camara.leg.br/proposicoesWeb/prop_mostrarintegra?codteor=2467275,https://dadosabertos.camara.leg.br/api/v2/proposicoes/2454194
18001.002329/2024-46,xxx,Assessoria Especial de Assuntos Parlamentares Federativos,OFÍCIO SEI Nº 133809/2024/MGI (SEI 45250800),29/10/2024,08/11/2024,Assessoria Estratégica SEGES,Despacho -SEGES - ASSEST (SEI 46065160),29/10/2024,08/11/2024,Gabinete da Delog,Despacho MGI-SEGES-DELOG (SEI,30/10/2024,12/11/2024,17,04/12/2024,09/12/2024,1.0,09/12/2024,"Diante do exposto, esta unidade técnica manifesta-se contrariamente à aprovação do Projeto de Lei nº 3.672 (SEI 45249531), de 2024, pelas razões expostas nos itens 9 à 17 desta Nota Técnica.",,,,,,,,,,,
18001.002717/2024-27,xxx,Assessoria Especial de Assuntos Parlamentares Federativos,OFÍCIO SEI Nº 159024/2024/MGI(46223018),06/11/2024,18/11/2024,Assessoria Estratégica SEGES,Despacho -SEGES - ASSEST (SEI 46331375),11/11/2024,20/11/2024,Gabinete da Delog,Despacho MGI-SEGES-DELOG (SEI 46353385),11/11/2024,18/11/2024,11,02/12/0204,05/12/0204,1.0,05/12/0204,"Diante do exposto, observadas as atribuições regimentais desta Secretaria de Gestão e Inovação, manifesta-se no sentido de que o Projeto de Lei nº 2.372/2024 (SEI 46222868) que ""Dispõe sobre o uso da inspeção acreditada de empreendimentos de infraestrutura no âmbito de obras públicas, concessões e parcerias público privadas"", não deve prosperar, nos termos constantes nos itens 10 a 20 deste documento.",PL 2372/2024,"Dispõe sobre o uso da inspeção acreditada de empreendimentos de infraestrutura no âmbito de obras públicas, concessões e parcerias público privadas",2025-09-17T14:51,CASP,Pronta para Pauta,2025-08-27T10:19,CASP,"Parecer do Relator, Dep. Reimont (PT-RJ), pela aprovação deste, na forma do substitutivo.",,https://www.camara.leg.br/proposicoesWeb/prop_mostrarintegra?codteor=2437001,https://dadosabertos.camara.leg.br/api/v2/proposicoes/2440640
18001.002717/2024-27,xxx,Assessoria Especial de Assuntos Parlamentares Federativos,OFÍCIO SEI Nº 159024/2024/MGI(46223018),06/11/2024,18/11/2024,Assessoria Estratégica SEGES,Despacho -SEGES - ASSEST (SEI 46331375),11/11/2024,20/11/2024,Gabinete da Delog,Despacho MGI-SEGES-DELOG (SEI 46353385),11/11/2024,18/11/2024,11,02/12/0204,05/12/0204,1.0,05/12/0204,"Diante do exposto, observadas as atribuições regimentais desta Secretaria de Gestão e Inovação, manifesta-se no sentido de que o Projeto de Lei nº 2.372/2024 (SEI 46222868) que ""Dispõe sobre o uso da inspeção acreditada de empreendimentos de infraestrutura no âmbito de obras públicas, concessões e parcerias público privadas"", não deve prosperar, nos termos constantes nos itens 10 a 20 deste documento.",PL 2372/2024,"Dispõe sobre o uso da inspeção acreditada de empreendimentos de infraestrutura no âmbito de obras públicas, concessões e parcerias público privadas",2025-09-17T14:51,CASP,Pronta para Pauta,2025-08-27T10:19,CASP,"Parecer do Relator, Dep. Reimont (PT-RJ), pela aprovação deste, na forma do substitutivo.",,https://www.camara.leg.br/proposicoesWeb/prop_mostrarintegra?codteor=2437001,https://dadosabertos.camara.leg.br/api/v2/proposicoes/2440640
18001.002546/2024-36,xxx,Assessoria Especial de Assuntos Parlamentares Federativos,OFÍCIO SEI Nº 147774/2024/MGI (SEI 45797803),18/10/2024,04/11/2024,Assessoria Estratégica SEGES,Despacho -SEGES - ASSEST (SEI 45845498),21/10/2024,01/11/2024,Gabinete da Delog,Despacho MGI-SEGES-DELOG (SEI 45846264),21/10/2024,30/10/2024,24,02/12/2024,04/12/2024,2.0,05/12/2024,"Nesse sentido, observadas as atribuições regimentais desta Secretaria de Gestão e Inovação, manifestamo-nos no sentido de que o Projeto de Lei nº 2.699, de 2024, de autoria do Deputado Gabriel Nunes-(PSD/BA), que ""Altera a Lei n° 14.133, de 1º de abril de 2021, para estabelecer, na compra de bens, regras complementares relativas à disponibilização de peças de reposição e de manutenção e assistência técnica, bem como propor alteração no critério de tempo para comercialização de produtos dentro da Administração Pública, não devem prosperar.",PL 2699/2024,"Altera a Lei n° 14.133, de 1º de abril de 2021, para estabelecer, na compra de bens, regras complementares relativas à disponibilização de peças de reposição e de manutenção e assistência técnica",2025-05-07T19:55,CCJC,Pronta para Pauta,2024-09-30T22:50,CFT,"Parecer da Relatora, Dep. Laura Carneiro (PSD-RJ), pela não implicação da matéria em aumento ou diminuição da receita ou da despesa públicas, não cabendo pronunciamento quanto à adequação financeira e orçamentária; e, no mérito, pela aprovação.",,https://www.camara.leg.br/proposicoesWeb/prop_mostrarintegra?codteor=2445909,https://dadosabertos.camara.leg.br/api/v2/proposicoes/2445326
18001.002875/2024-87,xxx,Assessoria Especial de Assuntos Parlamentares Federativos,OFÍCIO SEI Nº 167986/2024/MGI (SEI 46591965),25/11/2024,02/12/2024,Assessoria Estratégica SEGES,Despacho -SEGES - ASSEST (SEI 46628857),26/11/2024,02/12/2024,Gabinete da Delog,Despacho MGI-SEGES-DELOG (SEI 46628857),26/11/2024,02/12/2024,5,02/12/2024,10/12/2024,2.0,11/12/2024,"Diante do exposto, esta unidade técnica a não faz contradita ao Projeto de Lei nº 816 (SEI 46591758), de 2022, opinando pelo seguimento da proposição, na forma de seu Substitutivo (SEI 46591829).",PL 816/2022,Disciplina a cessão onerosa de direitos à denominação de bens públicos pertencentes à União ou às pessoas jurídicas da administração indireta federal.,2025-07-01T14:00,CASP,Pronta para Pauta,2024-10-15T09:57,CASP,"Parecer da Relatora, Dep. Adriana Ventura (NOVO-SP), pela aprovação, com substitutivo.",,https://www.camara.leg.br/proposicoesWeb/prop_mostrarintegra?codteor=2155277,https://dadosabertos.camara.leg.br/api/v2/proposicoes/2319201
14022.095663/2024-36,xxx,Presidência da República,OFÍCIO CIRCULAR Nº 266/2024/SALEG/SAJ/CC/PR(SEI 46620023),25/11/2024,29/11/2024,Assessoria Estratégica SEGES,Despacho -SEGES - ASSEST (SEI46643473),26/11/2024,27/11/2024,Gabinete da Delog,Despacho MGI-SEGES-DELOG (SEI 46645890),26/11/2024,27/11/2024,2,26/11/2024,27/11/2024,1.0,27/11/2024,"Nesse sentido, observadas as atribuições regimentais desta Secretaria de Gestão e Inovação, manifesta-se favorável ao prosseguimento do PL nº 182, de 2024, de autoria do Senhor ex-Deputado Jaime Martins.",PL 182/2024,"Estabelece redução de tributos para produtos adequados à economia verde de baixo carbono.  NOVA EMENTA: Institui o Sistema Brasileiro de Comércio de Emissões de Gases de Efeito Estufa (SBCE); e altera as Leis nºs 12.187, de 29 de dezembro de 2009, 12.651, de 25 de maio de 2012 (Código Florestal), 6.385, de 7 de dezembro de 1976, 11.033, de 21 de dezembro de 2004, e 6.015, de 31 de dezembro de 1973 (Lei de Registros Públicos).",2024-12-17T00:00,MESA,Transformado em Norma Jurídica,2021-11-08T15:34,MESA,"Apresentação do Parecer Preliminar de Plenário n. 1 PLEN, pela Deputada Carla Zambelli  (PSL/SP).",,https://www.camara.leg.br/proposicoesWeb/prop_mostrarintegra?codteor=1355144,https://dadosabertos.camara.leg.br/api/v2/proposicoes/1548579
18001.003008/2024-69,xxx,Assessoria Especial de Assuntos Parlamentares Federativos,OFÍCIO SEI Nº 175172/2024/MGI (SEI 46928999),09/12/2024,16/12/2024,Assessoria Estratégica SEGES,Despacho -SEGES - ASSEST (SEI 46942876),09/12/2024,13/12/2024,Gabinete da Delog,Despacho MGI-SEGES-DELOG (SEI 469457558),10/12/2024,12/12/2024,3,16/12/2024,16/12/2024,1.0,16/12/2024,"Tendo em vista que o PL foi retirado de pauta a pedido do relator, conforme andamento do site da Câmara dos Deputados https://www.camara.leg.br/proposicoesWeb/fichadetramitacao?idProposicao=2195550, solicita-se dilação de prazo por 40 dias, tendo em vista que tramita proposta de decreto presidencial para regulamentar o uso de veículos oficiais.",,,,,,,,,,,
18001.003062/2024-12,xxx,Assessoria Especial de Assuntos Parlamentares Federativos,OFÍCIO SEI Nº 178941/2024/MGI (SEI 47094743),16/12/2024,18/12/2024,Assessoria Estratégica SEGES,Despacho -SEGES - ASSEST (SEI 47132057),18/12/2024,30/01/2025,Gabinete da Delog,Despacho MGI-SEGES-DELOG (SEI 47164675),18/12/2024,28/01/2025,26,30/01/2025,30/01/2025,2.0,31/01/2025,"Nesse sentido, observadas as atribuições regimentais desta Secretaria de Gestão e Inovação, manifestamo-nos no sentido de que o Projeto de Lei nº 358/2020 (SEI 47094487), de autoria do Senador Styvenson Valentim (PODEMOS-RN), que ""Institui o Selo Nacional de Sustentabilidade Empresarial, conferido ás empresas que contribuam para a redução dos impactos ao meio ambiente, e altera a Lei nº 8.666, de 21 de junho de 1993, que institui normas para licitações e contratos da Administração Pública e dá outras providências, para dar preferência, como critério de desempate nas licitações, às empresas detentoras do Selo"", assim como a emenda proposta pela Comissão de Assuntos Econômicos (CAE), não devem prosperar.",,,,,,,,,,,
18001.000402/2025-26,xxx,Assessoria Especial de Assuntos Parlamentares Federativos,OFÍCIO SEI Nº 24544/2025/MGI (SEI 48703366),27/02/2025,06/03/2025,Assessoria Estratégica SEGES,Despacho -SEGES - ASSEST (SEI 48949032),28/02/2024,01/04/2025,Gabinete da Delog,Despacho MGI-SEGES-DELOG (SEI 48949032),28/02/2024,01/04/2025,23,02/04/2024,02/04/2024,3.0,04/04/2024,"Embora o objetivo do Projeto de Lei seja garantir transparência, segurança e eficiência na execução de obras públicas, especialmente aquelas financiadas com emendas parlamentares, alguns pontos do projeto precisam de revisão para não onerar desnecessariamente o processo e impedir a execução de obras essenciais de pequeno porte.
 
 Nesse contexto, para uma melhor análise, s.m.j, o projeto deveria trazer em seu escopo estudo mais detalhado de alguns pontos, tais como:
 
 Ajuste nas exigências de garantias para contratos de menor valor, criando critérios mais flexíveis para obras de baixo risco.
 
 Especificação mais clara sobre as condições que justificam a isenção de exigências de garantias, limitando o uso de exceções para não gerar insegurança jurídica.
 
 Revisão da obrigatoriedade de garantias elevadas para projetos de baixo valor, garantindo a competitividade e eficiência na execução de obras públicas.
 
 Dessa forma, manifestamo-nos contrariamente ao Projeto de Lei nº 2024/2024, uma vez que as suas disposições podem resultar em exigências desproporcionais e onerosas, que, ao invés de facilitar a execução de obras essenciais, podem comprometer a eficiência administrativa e o cumprimento de projetos de menor porte, essenciais para a sociedade.",,,,,,,,,,,
18001.000645/2025-64,xxx,Assessoria Especial de Assuntos Parlamentares Federativos,OFÍCIO SEI Nº 39290/2025/MGI (sei 49449652),21/03/2025,04/04/2025,Assessoria Estratégica SEGES,Despacho -SEGES - ASSEST (SEI49480493),24/03/2025,04/04/2025,Gabinete da Delog,Despacho MGI-SEGES-DELOG (SEI 49528848),25/03/2025,03/04/2025,9,02/04/2025,08/05/2025,1.0,08/05/2024,"O Projeto de Lei nº 2966/2024, de autoria do Deputado Rafael Brito (MDB/AL), que ""Institui o Programa Servidor Aprendiz e estabelece suas diretrizes"", não deve prosperar.",PL 2966/2024,Institui o Programa Servidor Aprendiz e estabelece suas diretrizes.,2025-09-09T14:04,CTRAB,Aguardando Deliberação,2024-11-12T18:00,CPASF,"Parecer da Relatora, Dep. Laura Carneiro (PSD-RJ), pela aprovação.",,https://www.camara.leg.br/proposicoesWeb/prop_mostrarintegra?codteor=2456643,https://dadosabertos.camara.leg.br/api/v2/proposicoes/2450209
18001.000391/2025-84,xxx,Assessoria Especial de Assuntos Parlamentares Federativos,OFÍCIO SEI Nº 23720/2025/MGI (48658091),19/02/2025,05/03/2025,Assessoria Estratégica SEGES,Despacho -SEGES - ASSEST (SEI48676109),20/02/2025,28/02/2025,Gabinete da Delog,Despacho MGI-SEGES-DELOG (SEI 48678034),20/02/2025,26/02/2025,23,31/03/2025,01/04/2025,2.0,02/04/2025,"Diante do exposto, considerando o mérito da proposição, esta unidade técnica, no que tange às suas competências regimentais, entende que os objetivos propostos não serão alcançados apenas com alteração do art. 50, que trata exclusivamente da prestação de serviços continuados com dedicação exclusiva de mão de obra, sendo necessário apreciar uma das formas alternativas propostas no item 11 e subitens desta Nota Técnica.",PL 389/2022,"Altera a Lei nº 14.133, de 1º de abril de 2021, para assegurar o cumprimento das normas de saúde e segurança do trabalho na contratação de serviços pela Administração Pública.",2022-03-17T00:00,CCP,Aguardando Designação de Relator(a),,,,,https://www.camara.leg.br/proposicoesWeb/prop_mostrarintegra?codteor=2139720,https://dadosabertos.camara.leg.br/api/v2/proposicoes/2315872
18001.000398/2025-04,xxx,Assessoria Especial de Assuntos Parlamentares Federativos,OFÍCIO SEI Nº 24367/2025/MGI (SEI 48693087),27/02/2025,06/03/2025,Assessoria Estratégica SEGES,Despacho -SEGES - ASSEST (SEI 48676109),20/02/2025,28/02/2025,Gabinete da Delog,Despacho MGI-SEGES-DELOG (SEI 48678034),20/02/2025,26/02/2025,23,31/03/2025,02/04/2025,1.0,02/04/2025,"Nesse sentido, observadas as atribuições regimentais desta Secretaria de Gestão e Inovação, manifesta-se no sentido de que o Projeto de Lei nº 5833/2023 (SEI 48692876), de autoria dos Deputados, Sargento Portugal (PODE/RJ) , Fred Linhares (REPUBLIC/DF), Alberto Fraga (PL/DF) e outros, que ""Estabelece margem de preferência para as propostas oferecidas por pessoas de baixa renda, na aquisição de materiais e equipamentos sem utilização previsível vendidos pela administração pública."", assim como o substitutivo proposto pela Comissão de Finanças e Tributação (CFT) (SEI 48692967), não devem prosperar.",PL 5833/2023,"Estabelece margem de preferência para as propostas oferecidas por pessoas de baixa renda, na aquisição de materiais e equipamentos sem utilização previsível vendidos pela administração pública.",2025-06-06T00:00,CCP,Aguardando Designação de Relator(a),2024-11-26T20:48,CFT,"Parecer da Relatora, Dep. Dayany Bittencourt (UNIÃO-CE), pela não implicação da matéria em aumento ou diminuição da receita ou da despesa públicas, não cabendo pronunciamento quanto à adequação financeira e orçamentária; e, no mérito, pela aprovação.",,https://www.camara.leg.br/proposicoesWeb/prop_mostrarintegra?codteor=2368760,https://dadosabertos.camara.leg.br/api/v2/proposicoes/2408923
18001.000393/2025-73,xxx,Assessoria Especial de Assuntos Parlamentares Federativos,OFÍCIO SEI Nº 23835/2025/MGI (SEI 48662662),27/02/2025,05/03/2025,Assessoria Estratégica SEGES,Despacho -SEGES - ASSEST (SEI 48941579),28/02/2025,28/03/2025,Gabinete da Delog,Despacho MGI-SEGES-DELOG (SEI 489558351),28/02/2025,26/03/2025,15,27/03/2024,27/03/2024,3.0,02/04/2025,"Diante do exposto, esta unidade técnica, conquanto ao mérito de relevo da proposição, se opõe ao projeto de lei, ora analisado, na forma apresentada em especial, na manifestação contida nos itens 9 a 10 desta Nota Técnica.",PL 1531/2022,"Altera a Lei nº 14.133, de 1º de abril de 2021, para dispor sobre os prazos mínimos para apresentação de propostas e lances.",2022-06-21T00:00,CCP,Aguardando Designação de Relator(a),,,,,https://www.camara.leg.br/proposicoesWeb/prop_mostrarintegra?codteor=2182607,https://dadosabertos.camara.leg.br/api/v2/proposicoes/2326422
18001.002540/2024-69,xxx,Assessoria Especial de Assuntos Parlamentares Federativos (urgente),OFÍCIO SEI Nº 147419/2024/MGI (SEI 50247213),25/04/2025,,Assessoria Estratégica SEGES,Despacho -SEGES - ASSEST (SEI 50252122),25/04/2025,,Gabinete da Delog,Despacho MGI-SEGES-DELOG (SEI 50258747),25/04/2025,,8,08/05/2024,08/05/2024,3.0,12/05/2024,"Diante do exposto, observadas as atribuições regimentais desta Secretaria de Gestão e Inovação, esta unidade técnica manifesta-se favoravelmente à Subemenda Substitutiva (SEI 50247201) desde que observadas as considerações apresentadas nos itens 5.1 a 5.8 desta Nota Técnica.",PL 7063/2017,"Altera a Lei nº  11.079, de 30 de dezembro de 2004, para reduzir o valor mínimo dos contratos de parcerias público-privadas celebrados por Estados, pelo Distrito Federal e por Municípios.",2025-05-07T00:00,MESA,Arquivada,2017-09-05T18:38,CDE,"Apresentação do Parecer do Relator n. 1 CDEICS, pelo Deputado Jorge Côrte Real (PTB-PE).",,https://www.camara.leg.br/proposicoesWeb/prop_mostrarintegra?codteor=1529629,https://dadosabertos.camara.leg.br/api/v2/proposicoes/2124888
18001.002307/2024-86,xxx,Assessoria Especial de Assuntos Parlamentares Federativos (dilação de prazo),OFÍCIO SEI Nº 131842/2024/MGI (SEI 45181286),23/09/2024,04/10/2024,Assessoria Estratégica SEGES,Despacho -SEGES - ASSEST (SEI 48818596),25/02/2025,28/04/2025,Gabinete da Delog,Despacho MGI-SEGES-DELOG (SEI 4878223),24/02/2025,28/04/2025,40,24/02/2025,25/04/2025,4.0,29/04/2025,"Diante do exposto, manifesta-se, com a devida vênia, que embora o Projeto de Lei tenha como objetivo garantir transparência, segurança e previsibilidade aos empreendimentos de infraestrutura, ele demandaria complementações para evitar que sua aplicação generalizada acarrete ineficiências no processo, além de impor custos elevados desnecessários a projetos de menor porte. Assim, com o devido respeito, dispõe-se de forma contrária ao Projeto de Lei nº 2372, de 2024, de autoria do Deputado Flávio Nogueira (PT/PI), que ""Dispõe sobre o uso da inspeção acreditada de empreendimentos de infraestrutura no âmbito de obras públicas, concessões e parcerias público privadas"" (SEI nº 45181206), considerando que a maturidade das regulamentações em curso representarão etapa necessária para a proposição consistente de Projeto de Lei dessa natureza.",PL 2372/2024,"Dispõe sobre o uso da inspeção acreditada de empreendimentos de infraestrutura no âmbito de obras públicas, concessões e parcerias público privadas",2025-09-17T14:51,CASP,Pronta para Pauta,2025-08-27T10:19,CASP,"Parecer do Relator, Dep. Reimont (PT-RJ), pela aprovação deste, na forma do substitutivo.",,https://www.camara.leg.br/proposicoesWeb/prop_mostrarintegra?codteor=2437001,https://dadosabertos.camara.leg.br/api/v2/proposicoes/2440640
18001.002307/2024-86,xxx,Assessoria Especial de Assuntos Parlamentares Federativos (dilação de prazo),OFÍCIO SEI Nº 131842/2024/MGI (SEI 45181286),23/09/2024,04/10/2024,Assessoria Estratégica SEGES,Despacho -SEGES - ASSEST (SEI 48818596),25/02/2025,28/04/2025,Gabinete da Delog,Despacho MGI-SEGES-DELOG (SEI 4878223),24/02/2025,28/04/2025,40,24/02/2025,25/04/2025,4.0,29/04/2025,"Diante do exposto, manifesta-se, com a devida vênia, que embora o Projeto de Lei tenha como objetivo garantir transparência, segurança e previsibilidade aos empreendimentos de infraestrutura, ele demandaria complementações para evitar que sua aplicação generalizada acarrete ineficiências no processo, além de impor custos elevados desnecessários a projetos de menor porte. Assim, com o devido respeito, dispõe-se de forma contrária ao Projeto de Lei nº 2372, de 2024, de autoria do Deputado Flávio Nogueira (PT/PI), que ""Dispõe sobre o uso da inspeção acreditada de empreendimentos de infraestrutura no âmbito de obras públicas, concessões e parcerias público privadas"" (SEI nº 45181206), considerando que a maturidade das regulamentações em curso representarão etapa necessária para a proposição consistente de Projeto de Lei dessa natureza.",PL 2372/2024,"Dispõe sobre o uso da inspeção acreditada de empreendimentos de infraestrutura no âmbito de obras públicas, concessões e parcerias público privadas",2025-09-17T14:51,CASP,Pronta para Pauta,2025-08-27T10:19,CASP,"Parecer do Relator, Dep. Reimont (PT-RJ), pela aprovação deste, na forma do substitutivo.",,https://www.camara.leg.br/proposicoesWeb/prop_mostrarintegra?codteor=2437001,https://dadosabertos.camara.leg.br/api/v2/proposicoes/2440640
18001.000697/2025-31,xxx,Assessoria Especial de Assuntos Parlamentares Federativos,OFÍCIO SEI Nº 42760/2025/MGI (SEI 49590414),27/03/2025,07/04/2025,Assessoria Estratégica SEGES,Despacho -SEGES - ASSEST (SEI 49607026),28/03/2025,24/04/2025,Gabinete da Delog,Despacho MGI-SEGES-DELOG (SEI 49737416),02/04/2025,22/04/2025,13,22/04/2025,22/04/2025,2.0,24/04/2025,"Nesse sentido, observadas as atribuições regimentais desta Secretaria de Gestão e Inovação, manifestamo-nos contrários ao prosseguimento do PL nº 384/2025, de autoria do Deputado Duda Ramos (MDB/RR), especificamente com relação aos dispositivos objeto de análise pela presente Nota Técnica.",PL 384/2025,"Dispõe sobre o planejamento e gestão de riscos na Administração Pública federal e estadual, estabelecendo diretrizes para o aprimoramento da governança, transparência e eficiência administrativa; altera o Decreto nº 9.203, de 22 de novembro de 2017, a Lei 14.133, de 1º de abril de 2021, Lei nº 14.129, de 29 de março de 2021.",2025-05-20T00:00,CASP,Aguardando Parecer,,,,,https://www.camara.leg.br/proposicoesWeb/prop_mostrarintegra?codteor=2853750,https://dadosabertos.camara.leg.br/api/v2/proposicoes/2483603
18001.001029/2025-21,xxx,Assessoria Especial de Assuntos Parlamentares Federativos,OFÍCIO SEI Nº 59726/2025/MGI (SEI 50400283),06/05/2025,12/05/2025,Assessoria Estratégica SEGES,Despacho -SEGES - ASSEST (SEI 50541851),09/05/2025,27/05/2025,Gabinete da Delog,Despacho MGI-SEGES-DELOG (SEI 50537010),08/05/2025,27/05/2025,14,20/05/2025,20/05/2025,1.0,21/05/2025,"Diante do exposto, esta unidade manifesta-se favoravelmente ao seguimento do Projeto de Lei, na forma do Substitutivo proposto nesta Nota Técnica.",PL 234/2020,"Altera o art. 6º da Lei nº 10.826, de 22 de dezembro de 2003 - Estatuto do Desarmamento, para permitir que mulheres tenham direito ao porte de arma de fogo.",2024-07-22T00:00,CMULHER,Tramitando em Conjunto,,,,,https://www.camara.leg.br/proposicoesWeb/prop_mostrarintegra?codteor=1857123,https://dadosabertos.camara.leg.br/api/v2/proposicoes/2236933
18001.000194/2025-65,xxx,Assessoria Especial de Assuntos Parlamentares Federativos,OFÍCIO SEI Nº 11427/2025/MGI (SEI 47959651),28/01/2025,,Assessoria Estratégica SEGES,Despacho -SEGES - ASSEST (SEI 48819025),25/02/2025,,Gabinete da Delog,Despacho MGI-SEGES-DELOG (SEI 48822790),25/02/2025,,1,26/02/2025,26/02/2025,1.0,27/02/2025,"Em atenção ao Ofício 24664 (48716020), que trata doProjeto de Lei nº 4557, de 2024, de autoria do Dep. Silas Câmara (REPUBLICANOS/AM), que ""Altera as Leis nº 9.472, de 16 de julho de 1997, nº 12.527, de 18 de novembro de 2011, e nº 14.133, de 1º de abril de 2021, para reorganizar a governança da Internet no Brasil, fortalecer a supervisão e regulamentação das atividades de registro e manutenção de domínios, e assegurar a transparência e eficiência na gestão da Internet"" (SEI nº 47959487), e considerando os Despacho 48775171 e o Despacho 48900037, restitui-se a presente demanda, tendo em vista que a temática do Projeto de Lei não se insere nas competências desta Secretaria.",PL 4557/2024,"Altera as Leis nº 9.472, de 16 de julho de 1997, nº 12.527, de 18 de novembro de 2011, e nº 14.133, de 1º de abril de 2021, para reorganizar a governança da Internet no Brasil, fortalecer a supervisão e regulamentação das atividades de registro e manutenção de domínios, e assegurar a transparência e eficiência na gestão da Internet.",2025-05-28T14:00,CCOM,Aguardando Parecer,,,,,https://www.camara.leg.br/proposicoesWeb/prop_mostrarintegra?codteor=2827547,https://dadosabertos.camara.leg.br/api/v2/proposicoes/2472445
18001.000390/2025-30,xxx,Assessoria Especial de Assuntos Parlamentares Federativos,OFÍCIO SEI Nº 23665/2025/MGI(SEI 48655539),19/02/2025,05/03/2025,Assessoria Estratégica SEGES,Despacho -SEGES - ASSEST (SEI 48942332),28/02/2025,30/03/2025,Gabinete da Delog,Despacho MGI-SEGES-DELOG (SEI 48838228),25/02/2025,30/03/2025,4,28/03/2025,28/03/2025,3.0,31/03/2025,"Tendo em vista que os valores de modalidade tratados no PLP 276/2019 são atrelados à modalidade convite da Lei nº 8.666/93, a qual não foi replicada na Lei nº 14.133/2021, restitui-se os autos sem manifestação quanto ao mérito da proposta.",PL 276/2019,"Acrescenta dispositivos ao Código Penal, instituído pelo Decreto-Lei no 2.848, de 7 de dezembro de 1940 para tipificar a retenção salarial.",2019-02-15T00:00,CCP,Tramitando em Conjunto,,,,,https://www.camara.leg.br/proposicoesWeb/prop_mostrarintegra?codteor=1707106,https://dadosabertos.camara.leg.br/api/v2/proposicoes/2190829
18001.001524/2025-30,xxx,Assessoria Especial de Assuntos Parlamentares Federativos,OFÍCIO SEI Nº 83745/2025/MGI(SEI 51572607),17/06/2025,25/06/2025,Assessoria Estratégica SEGES,Despacho -SEGES - ASSEST (SEI 51584458),18/06/2025,23/06/2025,Gabinete da Delog,Despacho MGI-SEGES-DELOG (SEI 51682853),23/06/2025,08/07/2025,12,09/07/2025,09/07/2025,3.0,11/07/2025,"Conforme análise contida nos itens 9 a 13 desta nota, esta área técnica, no exercício de suas competências regimentais, não identifica impedimentos à continuidade da tramitação do Projeto de Lei nº 1.024, de 2020 (original), bem como do Substitutivo aprovado pela Comissão de Finanças e Tributação (CFT), na forma da subemenda substitutiva apresentada.",PL 1024/2020,"Altera a Lei nº 5.194, de 24 de dezembro de 1966, que regula o exercício das profissões de Engenheiro, Arquiteto e Engenheiro-Agrônomo.",2025-08-20T00:00,CCJC,Aguardando Parecer,2021-11-03T15:48,CTRAB,"Apresentação do Parecer do Relator n. 1 CTASP, pelo Deputado Rogério Correia  (PT/MG).",,https://www.camara.leg.br/proposicoesWeb/prop_mostrarintegra?codteor=1870516,https://dadosabertos.camara.leg.br/api/v2/proposicoes/2242049
18001.001414/2025-78,xxx,Assessoria Especial de Assuntos Parlamentares Federativos,OFÍCIO SEI Nº 79440/2025/MGI(SEI 51350085),10/06/2025,16/06/2025,Assessoria Estratégica SEGES,Despacho -SEGES - ASSEST (SEI 51439609),12/06/2025,,Gabinete da Delog,Despacho MGI-SEGES-DELOG (SEI 51550420),12/06/2025,18/06/2025,2,18/06/2025,18/06/2025,2.0,23/06/2025,"Nesse sentido, observadas as atribuições regimentais desta Secretaria de Gestão e Inovação, manifestamo-nos no sentido de que o Projeto de Lei nº 4936, de 2024 (SEI 51349982), de autoria do Senador Romário (PL/RJ), que ""Altera a Lei nº 125, de 3 de dezembro de 1935, para determinar a adoção de práticas de construção sustentável para a edificação e reforma de prédios públicos"", não deve prosperar.",,,,,,,,,,,
